product_id;code_public;name_full
41984;QDCGC251F;"DEFRO HEAT Kondenzační plynový kotel DCG COMFORT 25 1F"
42588;QYH040;"DEFRO HEAT Skupina pro ochranu zpátečky DEFROMAT 72"
41985;QDCGC252F;"DEFRO HEAT Kondenzační plynový kotel DCG COMFORT 25 2F"
43768;QKD019-12;"DEFRO HEAT kotel dřevozplyňující s ručním přikládáním OPTIMA EKO 12 kW"
43769;QKD019-16;"DEFRO HEAT kotel dřevozplyňující s ručním přikládáním OPTIMA EKO 16 kW"
43770;QKD019-20;"DEFRO HEAT kotel dřevozplyňující s ručním přikládáním OPTIMA EKO 20 kW"
42357;QKU001-36-P;"DEFRO HEAT Automatický kotel na černé uhlí SIGMA E 36 kW"
42358;QKU001-36-L;"DEFRO HEAT Automatický kotel na černé uhlí SIGMA E 36 kW s násypkou vlevo"
42359;QKU001-48-P;"DEFRO HEAT Automatický kotel na černé uhlí SIGMA E 48 kW"
42360;QKU001-48-L;"DEFRO HEAT Automatický kotel na černé uhlí SIGMA E 48 kW s násypkou vlevo"
42361;QKU001-69-P;"DEFRO HEAT Automatický kotel na černé uhlí SIGMA E 69 kW"
42362;QKU001-69-L;"DEFRO HEAT Automatický kotel na černé uhlí SIGMA E 69 kW s násypkou vlevo"
42458;QKU004-100-P;"DEFRO HEAT Automatický kotel na uhlí EKO Max 100 kW"
40393;21.06.080.0;"LIENBACHER Pěnový čistič krbových skel 300 ml"
42459;QKU004-100-L;"DEFRO HEAT Automatický kotel na uhlí EKO Max 100 kW s násypkou vlevo"
40394;21.06.081.0;"LIENBACHER Tekutý čistič krbových skel 500 ml"
42126;"HEL F";"ROMOTOP Designový krb HELIA F keramika"
42127;"HEL L";"ROMOTOP Designový krb HELIA L keramika"
42128;"HEL R";"ROMOTOP Designový krb HELIA R keramika"
42145;"SPI C1";"ROMOTOP Designový krb SPIRIT C1 keramika"
42146;"SPI C2";"ROMOTOP Designový krb SPIRIT C2 keramika"
42147;"SPI C2M";"ROMOTOP Designový krb SPIRIT C2 M keramika"
38704;"CARA C 02";"ROMOTOP Designový krb CARA C 02"
38705;"CARA C N 03";"ROMOTOP Designový krb CARA C N 03"
42825;Q48CASE;"Obestavba CASE 1 pro DEFRO HOME Impuls SM BP"
42826;Q47CASE;"Obestavba CASE 1 pro DEFRO HOME Impuls SM BL"
42827;Q27CASE;"Obestavba CASE 1 pro DEFRO HOME Intra SM C"
42466;QKP015-75-P;"DEFRO HEAT Automatický kotel na pelety EKOPELL Max 75 kW"
42467;QKP015-75-L;"DEFRO HEAT Automatický kotel na pelety EKOPELL Max 75 kW s násypkou vlevo"
42468;QKP015-100-P;"DEFRO HEAT Automatický kotel na pelety EKOPELL Max 100 kW"
42469;QKP015-100-L;"DEFRO HEAT Automatický kotel na pelety EKOPELL Max 100 kW s násypkou vlevo"
42470;QKP015-150-P;"DEFRO HEAT Automatický kotel na pelety EKOPELL Max 150 kW"
42471;QKP015-150-L;"DEFRO HEAT Automatický kotel na pelety EKOPELL Max 150 kW s násypkou vlevo"
42472;QKP015-200-P;"DEFRO HEAT Automatický kotel na pelety EKOPELL Max 200 kW"
42473;QKP015-200-L;"DEFRO HEAT Automatický kotel na pelety EKOPELL Max 200 kW s násypkou vlevo"
42474;QKP015-300-P;"DEFRO HEAT Automatický kotel na pelety EKOPELL Max 300 kW"
42475;QKP015-300-L;"DEFRO HEAT Automatický kotel na pelety EKOPELL Max 300 kW s násypkou vlevo"
42158;0571207510000;"HAAS & SOHN Peletová kamna HSP 1.17 II"
41666;S021320006-25;"TECHNO-PHYSIK Komínový prostup Schräder s izolací 2,5 cm Ø 250"
41659;S021315006-250-25;"TECHNO-PHYSIK Komínový prostup Schräder s izolací 2,5 cm Ø 200/240"
41658;S021315006-500-25;"TECHNO-PHYSIK Komínový prostup Schräder s izolací 2,5 cm Ø 200/480"
41662;S021316006-250-25;"TECHNO-PHYSIK Komínový prostup Schräder s izolací 2,5 cm Ø 210/240"
41661;S021316006-500-25;"TECHNO-PHYSIK Komínový prostup Schräder s izolací 2,5 cm Ø 210/480"
41665;S021318006-250-25;"TECHNO-PHYSIK Komínový prostup Schräder s izolací 2,5 cm Ø 230/240"
41664;S021318006-500-25;"TECHNO-PHYSIK Komínový prostup Schräder s izolací 2,5 cm Ø 230/480"
41668;S021320006-250-25;"TECHNO-PHYSIK Komínový prostup Schräder s izolací 2,5 cm Ø 250/240"
41667;S021320006-500-25;"TECHNO-PHYSIK Komínový prostup Schräder s izolací 2,5 cm Ø 250/480"
41671;S021315006-250-50;"TECHNO-PHYSIK Komínový prostup Schräder s izolací 5 cm Ø 250/240"
41670;S021315006-500-50;"TECHNO-PHYSIK Komínový prostup Schräder s izolací 5 cm Ø 250/480"
41674;S021316006-250-50;"TECHNO-PHYSIK Komínový prostup Schräder s izolací 5 cm Ø 260/240"
41673;S021316006-500-50;"TECHNO-PHYSIK Komínový prostup Schräder s izolací 5 cm Ø 260/480"
41677;S021318006-250-50;"TECHNO-PHYSIK Komínový prostup Schräder s izolací 5 cm Ø 280/240"
41676;S021318006-500-50;"TECHNO-PHYSIK Komínový prostup Schräder s izolací 5 cm Ø 280/480"
41680;S021320006-250-50;"TECHNO-PHYSIK Komínový prostup Schräder s izolací 5 cm Ø 300/240"
41679;S021320006-500-50;"TECHNO-PHYSIK Komínový prostup Schräder s izolací 5 cm Ø 300/480"
40388;21.02.658.2;"LIENBACHER Filcová taška – červená"
42027;Q51SC-AS;"Antirelfexní sklo pro VITAL 51 S C"
40395;21.06.062.0;"LIENBACHER Ochranné textilní rukavice"
42107;Q24DS;"Dvojité sklo pro INTRA SM T G"
42108;Q25DS;"Dvojité sklo pro INTRA ME T G"
42109;Q26DS;"Dvojité sklo pro INTRA LA T G"
40406;21.02.960.2;"LIENBACHER Silikonové těsnění pro podkladová skla"
40400;21.06.072.0;"LIENBACHER Zápalky 55 ks/krabička – délka 200 mm"
40899;21390.18;"ROKA Krycí manžeta 50 mm – Ø 180 mm"
40904;21391.2;"ROKA Krycí manžeta 100 mm – Ø 200 mm"
40905;21490.15;"ROKA Krycí deska s odvětráním – Ø 150 mm"
40907;21490.18;"ROKA Krycí deska s odvětráním – Ø 180 mm"
40908;21490.2;"ROKA Krycí deska s odvětráním – Ø 200 mm"
40914;21510.16;"ROKA Meidingerova hlava  Ø 160 mm"
40910;21540.16;"ROKA Zavěšovací objímka Ø 160 mm"
40911;21540.18;"ROKA Zavěšovací objímka Ø 180 mm"
40912;21540.2;"ROKA Zavěšovací objímka Ø 200 mm"
42206;22080.13;"ROKA Kondenzátní jímka bez vývodu Ø 130 mm"
40816;22080.15;"ROKA Kondenzátní jímka bez vývodu Ø 150 mm"
40817;22080.16;"ROKA Kondenzátní jímka bez vývodu – Ø 160 mm"
40818;22080.18;"ROKA Kondenzátní jímka bez vývodu – Ø 180 mm"
40819;22080.2;"ROKA Kondenzátní jímka bez vývodu – Ø 200 mm"
40878;22320.16;"ROKA Komínový díl 250 mm Ø 160 mm"
40879;22320.18;"ROKA Komínový díl 250 mm Ø 180 mm"
40880;22320.2;"ROKA Komínový díl 250 mm Ø 200 mm"
40869;22310.15;"ROKA Komínový díl 420 mm Ø 150 mm"
40870;22310.16;"ROKA Komínový díl 420 mm Ø 160 mm"
40871;22310.18;"ROKA Komínový díl 420 mm Ø 180 mm"
40872;22310.2;"ROKA Komínový díl 420 mm Ø 200 mm"
40822;22100.15;"ROKA Díl s kontrolním otvorem 150 x 250 mm Ø 150 mm"
40824;22100.18;"ROKA Díl s kontrolním otvorem 150 x 250 mm Ø 180 mm"
40825;22100.2;"ROKA Díl s kontrolním otvorem 150 x 250 mm Ø 200 mm"
40841;22190.15;"ROKA Sopouch 90° Ø 150 mm"
40843;22190.18;"ROKA Sopouch 90° Ø 180 mm"
40844;22190.2;"ROKA Sopouch 90° Ø 200 mm"
42210;22210.14;"ROKA Sopouch 60° Ø 140 mm"
40849;22210.15;"ROKA Sopouch 60° Ø 150 mm"
40851;22210.18;"ROKA Sopouch 60° Ø 180 mm"
40852;22210.2;"ROKA Sopouch 60° Ø 200 mm"
42216;22320.14;"ROKA Komínový díl 250 mm Ø 140 mm"
42215;22310.14;"ROKA Komínový díl 420 mm Ø 140 mm"
42214;22300.14;"ROKA Komínový díl 920 mm Ø 140 mm"
40858;22255.16;"ROKA Přestavitelné koleno 0° – 45° Ø 160 mm"
40859;22255.18;"ROKA Přestavitelné koleno 0° – 45° Ø 180 mm"
40860;22255.2;"ROKA Přestavitelné koleno 0° – 45° Ø 200 mm"
40863;22295.18;"ROKA Přestavitelné koleno 0° – 90° Ø 180 mm"
40864;22295.2;"ROKA Přestavitelné koleno 0° – 90° Ø 200 mm"
42211;22255.14;"ROKA Přestavitelné koleno 0° – 45° Ø 140 mm"
40923;22620.18;"ROKA Uzávěr sopouchu Ø 180 mm"
40980;22670.18016;"ROKA Převlečená redukce nerez/keramika – po vodě Ø 180/160 mm"
40981;22670.18018;"ROKA Převlečená redukce nerez/keramika – po vodě Ø 180/180 mm"
42217;22670.1202;"ROKA Převlečená redukce nerez/keramika – po vodě Ø 120/200 mm"
42220;23300.14;"ROKA Komínový díl 920 mm s tloušťkou plechu 0,8 mm Ø 140 mm"
40996;23300.16;"ROKA Komínový díl 920 mm s tloušťkou plechu 0,8 mm Ø 160 mm"
40997;23300.18;"ROKA Komínový díl 920 mm s tloušťkou plechu 0,8 mm Ø 180 mm"
40998;23300.2;"ROKA Komínový díl 920 mm s tloušťkou plechu 0,8 mm Ø 200 mm"
40999;23310.15;"ROKA Komínový díl 420 mm s tloušťkou plechu 0,8 mm Ø 150 mm"
42221;23310.14;"ROKA Komínový díl 420 mm s tloušťkou plechu 0,8 mm Ø 140 mm"
41000;23310.16;"ROKA Komínový díl 420 mm s tloušťkou plechu 0,8 mm Ø 160 mm"
41001;23310.18;"ROKA Komínový díl 420 mm s tloušťkou plechu 0,8 mm Ø 180 mm"
41002;23310.2;"ROKA Komínový díl 420 mm s tloušťkou plechu 0,8 mm Ø 200 mm"
41011;29190.18;"ROKA Sopouch 90° z žáruvzdorné nerezi RS 2900 s tloušťkou plechu 2 mm Ø 180 mm"
41013;29290.18;"ROKA Koleno 90° z žáruvzdorné nerezi RS 2900 s tloušťkou plechu 2 mm Ø 180 mm"
41014;29291.18;"ROKA Koleno s čistícím otvorem 90° z žáruvzdorné nerezi RS 2900 s tloušťkou plechu 2 mm Ø 180 mm"
41015;29292.18;"ROKA Koleno prodloužené 90° z žáruvzdorné nerezi RS 2900 s tloušťkou plechu 2 mm Ø 180 mm"
41016;29293.18;"ROKA Koleno prodloužené s čistícím otvorem 90° z žáruvzdorné nerezi RS 2900 s tloušťkou plechu 2 mm Ø 180 mm"
41017;29300.18;"ROKA Komínový díl 950 mm z žáruvzdorné nerezi RS 2900 Ø 180 mm"
41020;29323.18;"ROKA Spojovací díl z žáruvzdorné nerezi RS 2900 s tloušťkou plechu 2 mm Ø 180 mm"
41023;29680.18;"ROKA Přechodový díl Ø 160/180 mm z žáruvzdorné nerezi RS 2900 s tloušťkou plechu 2 mm"
41042;31040.485;"ROKA Pomocná konzola – délka 485 mm"
42223;31390.18;"ROKA Nerezová protidešťová manžeta Ø 180 mm"
41347;31390.23;"ROKA Nerezová protidešťová manžeta Ø 230 mm"
41413;31441.28;"ROKA Lemování 23–47° tvrdá krytina Ø 280 mm"
41447;31451.25;"ROKA Lemování 37–53° tvrdá krytina Ø 250 mm"
41507;31580.2;"ROKA Zakrývací kužel Ø 200 mm"
41513;31580.3;"ROKA Zakrývací kužel Ø 300 mm"
41521;31600.28;"ROKA Spona Ø 280 mm"
42225;35610.23;"ROKA Čelová spona + čelo Ø 230 mm pro díly s 50 mm izolací"
41541;35610.3;"ROKA Čelová spona + čelo Ø 300 mm pro díly s 50 mm izolací"
42228;35611.15;"ROKA Přechod RS 2100/RS 3500 Ø 150 mm s izolací 50 mm"
41079;36071.15;"ROKA Dno s odvodem kondenzátu do boku Ø 150 mm s izolací 50 mm"
41294;36300.2;"ROKA Nerezový třívrstvý komínový díl délky 950 mm Ø 200 mm s izolací 50 mm"
41535;31610.23;"ROKA Čelová spona + čelo Ø 230 mm pro díly s 25 mm izolací"
41596;31700.3;"ROKA Kotevní element Ø 300 mm"
42226;31710.19;"ROKA Kotvící objímka Ø 190 mm"
41605;31710.3;"ROKA Kotvící objímka Ø 300 mm"
41526;31601.23;"ROKA Spona s přezkou Ø 230 mm"
41528;31601.26;"ROKA Spona s přezkou Ø 260 mm"
41530;31601.3;"ROKA Spona s přezkou Ø 300 mm"
41618;31730.25;"ROKA Lůžko přednastavitelné 60–100 mm Ø 250 mm"
42751;22685.200H180;"ROKA Přechodový díl tažený 200/180 mm"
42752;22690.150H180;"ROKA Přechodový díl menší–větší 150/180 mm"
38570;"LUGO N 03 BF";"ROMOTOP Krbová kamna LUGO N BF plech"
38588;"NAVIA 03";"ROMOTOP Krbová kamna NAVIA plech"
42787;Ifkdb100w;"CB-tec Bowden klapka poznik průměr 100 mm, kabel 1,7 m"
41706;0427515171000;"HAAS & SOHN Krbová kamna LIVORNO – antracit, pískovec"
38731;"ALEDO KRYT";"Kryt CPV pro kamna ALEDO"
38757;"ESQUINA N RG1";"ESQUINA N box - nízký, úzký"
38758;"ESQUINA N RG2";"ESQUINA N box - vysoký"
38759;"ESQUINA N RG3";"ESQUINA N box - nízký, široký"
40697;1057683;"BRULA Akumulační deska – 600 x 220 x 30 mm"
40700;1057687;"BRULA Akumulační deska – rohový prvek oblý – R70"
40703;1057691;"BRULA Akumulační deska – kruhový prvek čtvrtkruh – R220"
40705;1057693;"BRULA Akumulační deska – kruhový prvek čtvrtkruh – R330"
43752;S45;"Lisovaný šamot 400 × 400 × 30 mm R-SKA"
38009;Q69BC;"Barva korpusu  ORBIS – červená"
38012;Q69BZ;"Barva korpusu  ORBIS – zlatá"
38033;Q71BC;"Barva korpusu ORBIS TOP – červená"
43774;"SONXEH 22";"ROMOTOP Akum. krbová kamna SONE G H kámen"
38036;Q71BZ;"Barva korpusu ORBIS TOP – zlatá"
38045;Q72BC;"Barva korpusu SOLUM – červená"
38048;Q72BZ;"Barva korpusu SOLUM – zlatá"
40609;1060391;"BRULApor deska 1000×250×30 mm"
40638;20493/S:1051913;"BRULApor sokl radius 1/4-kruh s klenbou – rovný výřez – R600"
38069;Q74BC;"Barva korpusu SOLUM TOP – červená"
38072;Q74BZ;"Barva korpusu SOLUM TOP – zlatá"
40660;1057677;"BRULAheat deska – 1000 x 250 x 40 mm"
40665;1057682;"BRULAheat deska – 600 x 400 x 40 mm"
38095;Q78BC;"Barva korpusu ORTI – červená"
40674;1059281;"BRULAheat 1/8 kruhový díl – R400"
38096;Q78BZ;"Barva korpusu ORTI – zlatá"
40675;1059278;"BRULAheat 1/8 kruhový díl – R440"
40679;1059288;"BRULAheat 1/8 kruhový díl – R660"
40680;1059284;"BRULAheat 1/8 kruhový díl – R700"
40682;1059286;"BRULAheat 1/8 kruhový díl – R800"
38106;Q80BC;"Barva korpusu QUADROOM – červená"
38109;Q80BZ;"Barva korpusu QUADROOM – zlatá"
42057;Q98BC;"Barva korpusu CERES – červená"
42060;Q98BZ;"Barva korpusu CERES – zlatá"
42068;Q99BC;"Barva korpusu CERES TOP – červená"
42071;Q99BZ;"Barva korpusu CERES TOP – zlatá"
42289;Q104BC;"Barva korpusu pro kamna ORBIS EXTENTO F – červená"
42292;Q104BZ;"Barva korpusu pro kamna ORBIS EXTENTO F – zlatá"
42296;Q105BC;"Barva korpusu pro kamna ORBIS EXTENTO H – červená"
42299;Q105BZ;"Barva korpusu pro kamna ORBIS EXTENTO H – zlatá"
42303;Q102BC;"Barva korpusu pro kamna QUADROOM LONG – červená"
42306;Q102BZ;"Barva korpusu pro kamna QUADROOM LONG – zlatá"
42308;Q102KLN;"Nerezová klika pro kamna QUADROOM LONG"
42573;Q115BC;"Barva korpusu pro kamna HYDROFIRE – červená"
42576;Q115BZ;"Barva korpusu pro kamna HYDROFIRE – zlatá"
42763;Q108KC;"Černá keramika pro kamna Della"
42764;Q108KLN;"Nerezová klika pro kamna Della"
43359;Q126KLN;"Nerezová klika pro Dea Log"
42832;1POT113;"Díl s kontrolním otvorem POT 113 MKD"
42833;1POT120;"Díl s kontrolním otvorem POT 120 MKD"
42834;1POT130;"Díl s kontrolním otvorem POT 130 MKD"
42836;1POT150;"Díl s kontrolním otvorem POT 150 MKD"
42837;1POT160;"Díl s kontrolním otvorem POT 160 MKD"
43280;Q120KC;"Černá keramika pro Impuls LA"
43298;Q121KC;"Černá keramika pro kamna Sedna (Q121)"
41309;32320.15;"ROKA Nerezový třívrstvý komínový díl délky 250 mm Ø 150 mm s izolací 25 mm"
41310;32320.16;"ROKA Nerezový třívrstvý komínový díl délky 250 mm Ø 160 mm s izolací 25 mm"
41311;32320.18;"ROKA Nerezový třívrstvý komínový díl délky 250 mm Ø 180 mm s izolací 25 mm"
41312;32320.2;"ROKA Nerezový třívrstvý komínový díl délky 250 mm Ø 200 mm s izolací 25 mm"
41313;32320.23;"ROKA Nerezový třívrstvý komínový díl délky 250 mm Ø 230 mm s izolací 25 mm"
41314;32320.25;"ROKA Nerezový třívrstvý komínový díl délky 250 mm Ø 250 mm s izolací 25 mm"
41315;36320.15;"ROKA Nerezový třívrstvý komínový díl délky 250 mm Ø 150 mm s izolací 50 mm"
41316;36320.16;"ROKA Nerezový třívrstvý komínový díl délky 250 mm Ø 160 mm s izolací 50 mm"
41317;36320.18;"ROKA Nerezový třívrstvý komínový díl délky 250 mm Ø 180 mm s izolací 50 mm"
41318;36320.2;"ROKA Nerezový třívrstvý komínový díl délky 250 mm Ø 200 mm s izolací 50 mm"
41319;36320.23;"ROKA Nerezový třívrstvý komínový díl délky 250 mm Ø 230 mm s izolací 50 mm"
41320;36320.25;"ROKA Nerezový třívrstvý komínový díl délky 250 mm Ø 250 mm s izolací 50 mm"
41297;32310.15;"ROKA Nerezový třívrstvý komínový díl délky 450 mm Ø 150 mm s izolací 25 mm"
41298;32310.16;"ROKA Nerezový třívrstvý komínový díl délky 450 mm Ø 160 mm s izolací 25 mm"
41299;32310.18;"ROKA Nerezový třívrstvý komínový díl délky 450 mm Ø 180 mm s izolací 25 mm"
41300;32310.2;"ROKA Nerezový třívrstvý komínový díl délky 450 mm Ø 200 mm s izolací 25 mm"
41301;32310.23;"ROKA Nerezový třívrstvý komínový díl délky 450 mm Ø 230 mm s izolací 25 mm"
41302;32310.25;"ROKA Nerezový třívrstvý komínový díl délky 450 mm Ø 250 mm s izolací 25 mm"
41303;36310.15;"ROKA Nerezový třívrstvý komínový díl délky 450 mm Ø 150 mm s izolací 50 mm"
41304;36310.16;"ROKA Nerezový třívrstvý komínový díl délky 450 mm Ø 160 mm s izolací 50 mm"
41305;36310.18;"ROKA Nerezový třívrstvý komínový díl délky 450 mm Ø 180 mm s izolací 50 mm"
41306;36310.2;"ROKA Nerezový třívrstvý komínový díl délky 450 mm Ø 200 mm s izolací 50 mm"
41307;36310.23;"ROKA Nerezový třívrstvý komínový díl délky 450 mm Ø 230 mm s izolací 50 mm"
41308;36310.25;"ROKA Nerezový třívrstvý komínový díl délky 450 mm Ø 250 mm s izolací 50 mm"
41285;32300.15;"ROKA Nerezový třívrstvý komínový díl délky 950 mm Ø 150 mm s izolací 25 mm"
41286;32300.16;"ROKA Nerezový třívrstvý komínový díl délky 950 mm Ø 160 mm s izolací 25 mm"
41287;32300.18;"ROKA Nerezový třívrstvý komínový díl délky 950 mm Ø 180 mm s izolací 25 mm"
41288;32300.2;"ROKA Nerezový třívrstvý komínový díl délky 950 mm Ø 200 mm s izolací 25 mm"
41289;32300.23;"ROKA Nerezový třívrstvý komínový díl délky 950 mm Ø 230 mm s izolací 25 mm"
41290;32300.25;"ROKA Nerezový třívrstvý komínový díl délky 950 mm Ø 250 mm s izolací 25 mm"
41291;36300.15;"ROKA Nerezový třívrstvý komínový díl délky 950 mm Ø 150 mm s izolací 50 mm"
41292;36300.16;"ROKA Nerezový třívrstvý komínový díl délky 950 mm Ø 160 mm s izolací 50 mm"
41293;36300.18;"ROKA Nerezový třívrstvý komínový díl délky 950 mm Ø 180 mm s izolací 50 mm"
41295;36300.23;"ROKA Nerezový třívrstvý komínový díl délky 950 mm Ø 230 mm s izolací 50 mm"
41296;36300.25;"ROKA Nerezový třívrstvý komínový díl délky 950 mm Ø 250 mm s izolací 50 mm"
41109;32105.15;"ROKA Nerezový třívrstvý komínový díl s dvojitým kontrolním otvorem 150 x 250 mm Ø vložky 150 mm s tloušťkou izolace 25 mm"
41110;32105.16;"ROKA Nerezový třívrstvý komínový díl s dvojitým kontrolním otvorem 150 x 250 mm Ø vložky 160 mm s tloušťkou izolace 25 mm"
41111;32105.18;"ROKA Nerezový třívrstvý komínový díl s dvojitým kontrolním otvorem 150 x 250 mm Ø vložky 180 mm s tloušťkou izolace 25 mm"
41112;32105.2;"ROKA Nerezový třívrstvý komínový díl s dvojitým kontrolním otvorem 150 x 250 mm Ø vložky 200 mm s tloušťkou izolace 25 mm"
41113;32105.23;"ROKA Nerezový třívrstvý komínový díl s dvojitým kontrolním otvorem 150 x 250 mm Ø vložky 230 mm s tloušťkou izolace 25 mm"
41114;32105.25;"ROKA Nerezový třívrstvý komínový díl s dvojitým kontrolním otvorem 150 x 250 mm Ø vložky 250 mm s tloušťkou izolace 25 mm"
41115;36105.15;"ROKA Nerezový třívrstvý komínový díl s dvojitým kontrolním otvorem 150 x 250 mm  Ø vložky 150 mm s izolací 50 mm"
41116;36105.16;"ROKA Nerezový třívrstvý komínový díl s dvojitým kontrolním otvorem 150 x 250 mm  Ø vložky 160 mm s izolací 50 mm"
41117;36105.18;"ROKA Nerezový třívrstvý komínový díl s dvojitým kontrolním otvorem 150 x 250 mm  Ø vložky 180 mm s izolací 50 mm"
41118;36105.2;"ROKA Nerezový třívrstvý komínový díl s dvojitým kontrolním otvorem 150 x 250 mm  Ø vložky 200 mm s izolací 50 mm"
41119;36105.23;"ROKA Nerezový třívrstvý komínový díl s dvojitým kontrolním otvorem 150 x 250 mm Ø vložky 230 mm s izolací 50 mm"
41120;36105.25;"ROKA Nerezový třívrstvý komínový díl s dvojitým kontrolním otvorem 150 x 250 mm Ø vložky 250 mm s izolací 50 mm"
41097;32100.15;"ROKA Nerezový třívrstvý komínový díl s kontrolním otvorem 150 x 250 mm  Ø vložky 150 mm s izolací 25 mm"
41098;32100.16;"ROKA Nerezový třívrstvý komínový díl s kontrolním otvorem 150 x 250 mm  Ø vložky 160 mm s izolací 25 mm"
41099;32100.18;"ROKA Nerezový třívrstvý komínový díl s kontrolním otvorem 150 x 250 mm  Ø vložky 180 mm s izolací 25 mm"
41100;32100.2;"ROKA Nerezový třívrstvý komínový díl s kontrolním otvorem 150 x 250 mm  Ø vložky 200 mm s izolací 25 mm"
41101;32100.23;"ROKA Nerezový třívrstvý komínový díl s kontrolním otvorem 150 x 250 mm Ø vložky 230 mm s izolací 25 mm"
41102;32100.25;"ROKA Nerezový třívrstvý komínový díl s kontrolním otvorem 150 x 250 mm Ø vložky 250 mm s izolací 25 mm"
41103;36100.15;"ROKA Nerezový třívrstvý komínový díl s kontrolním otvorem 150 x 250 mm  Ø vložky 150 mm s izolací 50 mm"
41104;36100.16;"ROKA Nerezový třívrstvý komínový díl s kontrolním otvorem 150 x 250 mm  Ø vložky 160 mm s izolací 50 mm"
41105;36100.18;"ROKA Nerezový třívrstvý komínový díl s kontrolním otvorem 150 x 250 mm  Ø vložky 180 mm s izolací 50 mm"
41106;36100.2;"ROKA Nerezový třívrstvý komínový díl s kontrolním otvorem 150 x 250 mm  Ø vložky 200 mm s izolací 50 mm"
41107;36100.23;"ROKA Nerezový třívrstvý komínový díl s kontrolním otvorem 150 x 250 mm Ø vložky 230 mm s izolací 50 mm"
41108;36100.25;"ROKA Nerezový třívrstvý komínový díl s kontrolním otvorem 150 x 250 mm Ø vložky 250 mm s izolací 50 mm"
41121;32130.15;"ROKA Nerezový třívrstvý komínový díl s kruhovým kontrolním otvorem s deklem Ø vložky 150 mm s tloušťkou izolace 25 mm"
41122;32130.16;"ROKA Nerezový třívrstvý komínový díl s kruhovým kontrolním otvorem s deklem Ø vložky 160 mm s tloušťkou izolace 25 mm"
41123;32130.18;"ROKA Nerezový třívrstvý komínový díl s kruhovým kontrolním otvorem s deklem Ø vložky 180 mm s tloušťkou izolace 25 mm"
41124;32130.2;"ROKA Nerezový třívrstvý komínový díl s kruhovým kontrolním otvorem s deklem Ø vložky 200 mm s tloušťkou izolace 25 mm"
41125;32130.23;"ROKA Nerezový třívrstvý komínový díl s kruhovým kontrolním otvorem s deklem Ø vložky 230 mm s tloušťkou izolace 25 mm"
41126;32130.25;"ROKA Nerezový třívrstvý komínový díl s kruhovým kontrolním otvorem s deklem Ø vložky 250 mm s tloušťkou izolace 25 mm"
41127;36130.15;"ROKA Nerezový třívrstvý komínový díl s kruhovým kontrolním otvorem s deklem Ø vložky 150 mm s tloušťkou izolace 50 mm"
41128;36130.16;"ROKA Nerezový třívrstvý komínový díl s kruhovým kontrolním otvorem s deklem Ø vložky 160 mm s tloušťkou izolace 50 mm"
41129;36130.18;"ROKA Nerezový třívrstvý komínový díl s kruhovým kontrolním otvorem s deklem Ø vložky 180 mm s tloušťkou izolace 50 mm"
41130;36130.2;"ROKA Nerezový třívrstvý komínový díl s kruhovým kontrolním otvorem s deklem Ø vložky 200 mm s tloušťkou izolace 50 mm"
41131;36130.23;"ROKA Nerezový třívrstvý komínový díl s kruhovým kontrolním otvorem s deklem Ø vložky 230 mm s tloušťkou izolace 50 mm"
41132;36130.25;"ROKA Nerezový třívrstvý komínový díl s kruhovým kontrolním otvorem s deklem Ø vložky 250 mm s tloušťkou izolace 50 mm"
41321;32360.15;"ROKA Nerezový třívrstvý komínový dilatační díl délky 530-880 mm Ø 150 mm s izolací 25 mm"
41322;32360.16;"ROKA Nerezový třívrstvý komínový dilatační díl délky 530-880 mm Ø 160 mm s izolací 25 mm"
41323;32360.18;"ROKA Nerezový třívrstvý komínový dilatační díl délky 530-880 mm Ø 180 mm s izolací 25 mm"
41324;32360.2;"ROKA Nerezový třívrstvý komínový dilatační díl délky 530-880 mm Ø 200 mm s izolací 25 mm"
41325;32360.23;"ROKA Nerezový třívrstvý komínový dilatační díl délky 530-880 mm Ø 230 mm s izolací 25 mm"
41326;32360.25;"ROKA Nerezový třívrstvý komínový dilatační díl délky 530-880 mm Ø 250 mm s izolací 25 mm"
41327;36360.15;"ROKA Nerezový třívrstvý komínový dilatační díl délky 530-880 mm Ø 150 mm s izolací 50 mm"
41328;36360.16;"ROKA Nerezový třívrstvý komínový dilatační díl délky 530-880 mm Ø 160 mm s izolací 50 mm"
41329;36360.18;"ROKA Nerezový třívrstvý komínový dilatační díl délky 530-880 mm Ø 180 mm s izolací 50 mm"
41330;36360.2;"ROKA Nerezový třívrstvý komínový dilatační díl délky 530-880 mm Ø 200 mm s izolací 50 mm"
41331;36360.23;"ROKA Nerezový třívrstvý komínový dilatační díl délky 530-880 mm Ø 230 mm s izolací 50 mm"
41332;36360.25;"ROKA Nerezový třívrstvý komínový dilatační díl délky 530-880 mm Ø 250 mm s izolací 50 mm"
41566;32630.15;"ROKA Díl se šroubením Ø 150 mm s izolací 25 mm"
41567;32630.16;"ROKA Díl se šroubením Ø 160 mm s izolací 25 mm"
41568;32630.18;"ROKA Díl se šroubením Ø 180 mm s izolací 25 mm"
41569;32630.2;"ROKA Díl se šroubením Ø 200 mm s izolací 25 mm"
41570;32630.23;"ROKA Díl se šroubením Ø 230 mm s izolací 25 mm"
41571;32630.25;"ROKA Díl se šroubením Ø 250 mm s izolací 25 mm"
41572;36630.15;"ROKA Díl se šroubením Ø 150 mm s izolací 50 mm"
41573;36630.16;"ROKA Díl se šroubením Ø 160 mm s izolací 50 mm"
41574;36630.18;"ROKA Díl se šroubením Ø 180 mm s izolací 50 mm"
41575;36630.2;"ROKA Díl se šroubením Ø 200 mm s izolací 50 mm"
41576;36630.23;"ROKA Díl se šroubením Ø 230 mm s izolací 50 mm"
41577;36630.25;"ROKA Díl se šroubením Ø 250 mm s izolací 50 mm"
41480;32500.15;"ROKA Nerezový třívrstvý komínový koncový díl Ø 150 mm s izolací 25 mm"
41481;32500.16;"ROKA Nerezový třívrstvý komínový koncový díl Ø 160 mm s izolací 25 mm"
41482;32500.18;"ROKA Nerezový třívrstvý komínový koncový díl Ø 180 mm s izolací 25 mm"
41483;32500.2;"ROKA Nerezový třívrstvý komínový koncový díl Ø 200 mm s izolací 25 mm"
41484;32500.23;"ROKA Nerezový třívrstvý komínový koncový díl Ø 230 mm s izolací 25 mm"
41485;32500.25;"ROKA Nerezový třívrstvý komínový koncový díl Ø 250 mm s izolací 25 mm"
41486;36500.15;"ROKA Nerezový třívrstvý komínový koncový díl Ø 150 mm s izolací 50 mm"
41487;36500.16;"ROKA Nerezový třívrstvý komínový koncový díl Ø 160 mm s izolací 50 mm"
41488;36500.18;"ROKA Nerezový třívrstvý komínový koncový díl Ø 180 mm s izolací 50 mm"
41489;36500.2;"ROKA Nerezový třívrstvý komínový koncový díl Ø 200 mm s izolací 50 mm"
41490;36500.23;"ROKA Nerezový třívrstvý komínový koncový díl Ø 230 mm s izolací 50 mm"
41491;36500.25;"ROKA Nerezový třívrstvý komínový koncový díl Ø 250 mm s izolací 50 mm"
41261;32290.15;"ROKA Nerezové třívrstvé koleno 90° Ø 150 mm s tloušťkou izolace 25 mm"
41262;32290.16;"ROKA Nerezové třívrstvé koleno 90° Ø 160 mm s tloušťkou izolace 25 mm"
41263;32290.18;"ROKA Nerezové třívrstvé koleno 90° Ø 180 mm s tloušťkou izolace 25 mm"
41264;32290.2;"ROKA Nerezové třívrstvé koleno 90° Ø 200 mm s tloušťkou izolace 25 mm"
41265;32290.23;"ROKA Nerezové třívrstvé koleno 90° Ø 230 mm s tloušťkou izolace 25 mm"
41266;32290.25;"ROKA Nerezové třívrstvé koleno 90° Ø 250 mm s tloušťkou izolace 25 mm"
41267;36290.15;"ROKA Nerezové třívrstvé koleno 90° Ø 150 mm s tloušťkou izolace 50 mm"
41268;36290.16;"ROKA Nerezové třívrstvé koleno 90° Ø 160 mm s tloušťkou izolace 50 mm"
41269;36290.18;"ROKA Nerezové třívrstvé koleno 90° Ø 180 mm s tloušťkou izolace 50 mm"
41270;36290.2;"ROKA Nerezové třívrstvé koleno 90° Ø 200 mm s tloušťkou izolace 50 mm"
41271;36290.23;"ROKA Nerezové třívrstvé koleno 90° Ø 230 mm s tloušťkou izolace 50 mm"
41272;36290.25;"ROKA Nerezové třívrstvé koleno 90° Ø 250 mm s tloušťkou izolace 50 mm"
41177;32230.15;"ROKA Nerezové třívrstvé koleno 15° Ø 150 mm s tloušťkou izolace 25 mm"
41178;32230.16;"ROKA Nerezové třívrstvé koleno 15° Ø 160 mm s tloušťkou izolace 25 mm"
41179;32230.18;"ROKA Nerezové třívrstvé koleno 15° Ø 180 mm s tloušťkou izolace 25 mm"
41180;32230.2;"ROKA Nerezové třívrstvé koleno 15° Ø 200 mm s tloušťkou izolace 25 mm"
41181;32230.23;"ROKA Nerezové třívrstvé koleno 15° Ø 230 mm s tloušťkou izolace 25 mm"
41182;32230.25;"ROKA Nerezové třívrstvé koleno 15° Ø 250 mm s tloušťkou izolace 25 mm"
41183;36230.15;"ROKA Nerezové třívrstvé koleno 15° Ø 150 mm s tloušťkou izolace 50 mm"
41184;36230.16;"ROKA Nerezové třívrstvé koleno 15° Ø 160 mm s tloušťkou izolace 50 mm"
41185;36230.18;"ROKA Nerezové třívrstvé koleno 15° Ø 180 mm s tloušťkou izolace 50 mm"
41186;36230.2;"ROKA Nerezové třívrstvé koleno 15° Ø 200 mm s tloušťkou izolace 50 mm"
41187;36230.23;"ROKA Nerezové třívrstvé koleno 15° Ø 230 mm s tloušťkou izolace 50 mm"
41188;36230.25;"ROKA Nerezové třívrstvé koleno 15° Ø 250 mm s tloušťkou izolace 50 mm"
41189;32240.15;"ROKA Nerezové třívrstvé koleno 30° Ø 150 mm s tloušťkou izolace 25 mm"
41190;32240.16;"ROKA Nerezové třívrstvé koleno 30° Ø 160 mm s tloušťkou izolace 25 mm"
41191;32240.18;"ROKA Nerezové třívrstvé koleno 30° Ø 180 mm s tloušťkou izolace 25 mm"
41192;32240.2;"ROKA Nerezové třívrstvé koleno 30° Ø 200 mm s tloušťkou izolace 25 mm"
41193;32240.23;"ROKA Nerezové třívrstvé koleno 30° Ø 230 mm s tloušťkou izolace 25 mm"
41194;32240.25;"ROKA Nerezové třívrstvé koleno 30° Ø 250 mm s tloušťkou izolace 25 mm"
41195;36240.15;"ROKA Nerezové třívrstvé koleno 30° Ø 150 mm s tloušťkou izolace 50 mm"
41196;36240.16;"ROKA Nerezové třívrstvé koleno 30° Ø 160 mm s tloušťkou izolace 50 mm"
41197;36240.18;"ROKA Nerezové třívrstvé koleno 30° Ø 180 mm s tloušťkou izolace 50 mm"
41198;36240.2;"ROKA Nerezové třívrstvé koleno 30° Ø 200 mm s tloušťkou izolace 50 mm"
41199;36240.23;"ROKA Nerezové třívrstvé koleno 30° Ø 230 mm s tloušťkou izolace 50 mm"
41200;36240.25;"ROKA Nerezové třívrstvé koleno 30° Ø 250 mm s tloušťkou izolace 50 mm"
41201;32250.15;"ROKA Nerezové třívrstvé koleno 45° Ø 150 mm s tloušťkou izolace 25 mm"
41202;32250.16;"ROKA Nerezové třívrstvé koleno 45° Ø 160 mm s tloušťkou izolace 25 mm"
41203;32250.18;"ROKA Nerezové třívrstvé koleno 45° Ø 180 mm s tloušťkou izolace 25 mm"
41204;32250.2;"ROKA Nerezové třívrstvé koleno 45° Ø 200 mm s tloušťkou izolace 25 mm"
41205;32250.23;"ROKA Nerezové třívrstvé koleno 45° Ø 230 mm s tloušťkou izolace 25 mm"
41206;32250.25;"ROKA Nerezové třívrstvé koleno 45° Ø 250 mm s tloušťkou izolace 25 mm"
41207;36250.15;"ROKA Nerezové třívrstvé koleno 45° Ø 150 mm s tloušťkou izolace 50 mm"
41208;36250.16;"ROKA Nerezové třívrstvé koleno 45° Ø 160 mm s tloušťkou izolace 50 mm"
41209;36250.18;"ROKA Nerezové třívrstvé koleno 45° Ø 180 mm s tloušťkou izolace 50 mm"
41210;36250.2;"ROKA Nerezové třívrstvé koleno 45° Ø 200 mm s tloušťkou izolace 50 mm"
41211;36250.23;"ROKA Nerezové třívrstvé koleno 45° Ø 230 mm s tloušťkou izolace 50 mm"
41212;36250.25;"ROKA Nerezové třívrstvé koleno 45° Ø 250 mm s tloušťkou izolace 50 mm"
41213;32260.15;"ROKA Nerezové třívrstvé koleno 60° Ø 150 mm s tloušťkou izolace 25 mm"
41214;32260.16;"ROKA Nerezové třívrstvé koleno 60° Ø 160 mm s tloušťkou izolace 25 mm"
41215;32260.18;"ROKA Nerezové třívrstvé koleno 60° Ø 180 mm s tloušťkou izolace 25 mm"
41216;32260.2;"ROKA Nerezové třívrstvé koleno 60° Ø 200 mm s tloušťkou izolace 25 mm"
41217;32260.23;"ROKA Nerezové třívrstvé koleno 60° Ø 230 mm s tloušťkou izolace 25 mm"
41218;32260.25;"ROKA Nerezové třívrstvé koleno 60° Ø 250 mm s tloušťkou izolace 25 mm"
41219;36260.15;"ROKA Nerezové třívrstvé koleno 60° Ø 150 mm s tloušťkou izolace 50 mm"
41220;36260.16;"ROKA Nerezové třívrstvé koleno 60° Ø 160 mm s tloušťkou izolace 50 mm"
41221;36260.18;"ROKA Nerezové třívrstvé koleno 60° Ø 180 mm s tloušťkou izolace 50 mm"
41222;36260.2;"ROKA Nerezové třívrstvé koleno 60° Ø 200 mm s tloušťkou izolace 50 mm"
41223;36260.23;"ROKA Nerezové třívrstvé koleno 60° Ø 230 mm s tloušťkou izolace 50 mm"
41224;36260.25;"ROKA Nerezové třívrstvé koleno 60° Ø 250 mm s tloušťkou izolace 50 mm"
41237;32280.15;"ROKA Nerezové třívrstvé koleno 87° Ø 150 mm s tloušťkou izolace 25 mm"
41238;32280.16;"ROKA Nerezové třívrstvé koleno 87° Ø 160 mm s tloušťkou izolace 25 mm"
41239;32280.18;"ROKA Nerezové třívrstvé koleno 87° Ø 180 mm s tloušťkou izolace 25 mm"
41240;32280.2;"ROKA Nerezové třívrstvé koleno 87° Ø 200 mm s tloušťkou izolace 25 mm"
41241;32280.23;"ROKA Nerezové třívrstvé koleno 87° Ø 230 mm s tloušťkou izolace 25 mm"
41242;32280.25;"ROKA Nerezové třívrstvé koleno 87° Ø 250 mm s tloušťkou izolace 25 mm"
41243;36280.15;"ROKA Nerezové třívrstvé koleno 87° Ø 150 mm s tloušťkou izolace 50 mm"
41244;36280.16;"ROKA Nerezové třívrstvé koleno 87° Ø 160 mm s tloušťkou izolace 50 mm"
41245;36280.18;"ROKA Nerezové třívrstvé koleno 87° Ø 180 mm s tloušťkou izolace 50 mm"
41246;36280.2;"ROKA Nerezové třívrstvé koleno 87° Ø 200 mm s tloušťkou izolace 50 mm"
41247;36280.23;"ROKA Nerezové třívrstvé koleno 87° Ø 230 mm s tloušťkou izolace 50 mm"
41248;36280.25;"ROKA Nerezové třívrstvé koleno 87° Ø 250 mm s tloušťkou izolace 50 mm"
41225;32261.15;"ROKA Nerezové třívrstvé koleno s čistícím otvorem 60° Ø 150 mm s tloušťkou izolace 25 mm"
41226;32261.16;"ROKA Nerezové třívrstvé koleno s čistícím otvorem 60° Ø 160 mm s tloušťkou izolace 25 mm"
41227;32261.18;"ROKA Nerezové třívrstvé koleno s čistícím otvorem 60° Ø 180 mm s tloušťkou izolace 25 mm"
41228;32261.2;"ROKA Nerezové třívrstvé koleno s čistícím otvorem 60° Ø 200 mm s tloušťkou izolace 25 mm"
41229;32261.23;"ROKA Nerezové třívrstvé koleno s čistícím otvorem 60° Ø 230 mm s tloušťkou izolace 25 mm"
41230;32261.25;"ROKA Nerezové třívrstvé koleno s čistícím otvorem 60° Ø 250 mm s tloušťkou izolace 25 mm"
41231;36261.15;"ROKA Nerezové třívrstvé koleno s čistícím otvorem 60° Ø 150 mm s tloušťkou izolace 50 mm"
41232;36261.16;"ROKA Nerezové třívrstvé koleno s čistícím otvorem 60° Ø 160 mm s tloušťkou izolace 50 mm"
41233;36261.18;"ROKA Nerezové třívrstvé koleno s čistícím otvorem 60° Ø 180 mm s tloušťkou izolace 50 mm"
41234;36261.2;"ROKA Nerezové třívrstvé koleno s čistícím otvorem 60° Ø 200 mm s tloušťkou izolace 50 mm"
41235;36261.23;"ROKA Nerezové třívrstvé koleno s čistícím otvorem 60° Ø 230 mm s tloušťkou izolace 50 mm"
41236;36261.25;"ROKA Nerezové třívrstvé koleno s čistícím otvorem 60° Ø 250 mm s tloušťkou izolace 50 mm"
41250;32281.16;"ROKA Nerezové třívrstvé koleno 87° s čistícím otvorem Ø 160 mm s tloušťkou izolace 25 mm"
38518;"ALPE E 01";"ROMOTOP Krbová kamna ALPERA E keramika"
41251;32281.18;"ROKA Nerezové třívrstvé koleno 87° s čistícím otvorem Ø 180 mm s tloušťkou izolace 25 mm"
38519;"ALPE E 02";"ROMOTOP Krbová kamna ALPERA E kámen"
41252;32281.2;"ROKA Nerezové třívrstvé koleno 87° s čistícím otvorem Ø 200 mm s tloušťkou izolace 25 mm"
38520;"ALPE E 03";"ROMOTOP Krbová kamna ALPERA E plech"
41253;32281.23;"ROKA Nerezové třívrstvé koleno 87° s čistícím otvorem Ø 230 mm s tloušťkou izolace 25 mm"
38521;"ALPE F 01";"ROMOTOP Krbová kamna ALPERA F keramika"
41254;32281.25;"ROKA Nerezové třívrstvé koleno 87° s čistícím otvorem Ø 250 mm s tloušťkou izolace 25 mm"
38522;"ALPE F 02";"ROMOTOP Krbová kamna ALPERA F kámen"
41255;36281.15;"ROKA Nerezové třívrstvé koleno 87° s čistícím otvorem Ø 150 mm s tloušťkou izolace 50 mm"
38523;"ALPE F 03";"ROMOTOP Krbová kamna ALPERA F plech"
41256;36281.16;"ROKA Nerezové třívrstvé koleno 87° s čistícím otvorem Ø 160 mm s tloušťkou izolace 50 mm"
38524;"ALPE G 01";"ROMOTOP Krbová kamna ALPERA G keramika"
41257;36281.18;"ROKA Nerezové třívrstvé koleno 87° s čistícím otvorem Ø 180 mm s tloušťkou izolace 50 mm"
38525;"ALPE G 02";"ROMOTOP Krbová kamna ALPERA G kámen"
41258;36281.2;"ROKA Nerezové třívrstvé koleno 87° s čistícím otvorem Ø 200 mm s tloušťkou izolace 50 mm"
38526;"ALPE G 03";"ROMOTOP Krbová kamna ALPERA G plech"
41259;36281.23;"ROKA Nerezové třívrstvé koleno 87° s čistícím otvorem Ø 230 mm s tloušťkou izolace 50 mm"
41260;36281.25;"ROKA Nerezové třívrstvé koleno 87° s čistícím otvorem Ø 250 mm s tloušťkou izolace 50 mm"
41273;32291.15;"ROKA Nerezové třívrstvé koleno 90° s čistícím otvorem Ø 150 mm s tloušťkou izolace 25 mm"
41274;32291.16;"ROKA Nerezové třívrstvé koleno 90° s čistícím otvorem Ø 160 mm s tloušťkou izolace 25 mm"
41275;32291.18;"ROKA Nerezové třívrstvé koleno 90° s čistícím otvorem Ø 180 mm s tloušťkou izolace 25 mm"
41276;32291.2;"ROKA Nerezové třívrstvé koleno 90° s čistícím otvorem Ø 200 mm s tloušťkou izolace 25 mm"
41277;32291.23;"ROKA Nerezové třívrstvé koleno 90° s čistícím otvorem Ø 230 mm s tloušťkou izolace 25 mm"
41278;32291.25;"ROKA Nerezové třívrstvé koleno 90° s čistícím otvorem Ø 250 mm s tloušťkou izolace 25 mm"
38540;"EVORA 04 AKUM";"ROMOTOP Krbová kamna EVORA AKUM pískovec"
41279;36291.15;"ROKA Nerezové třívrstvé koleno 90° s čistícím otvorem Ø 150 mm s tloušťkou izolace 50 mm"
41280;36291.16;"ROKA Nerezové třívrstvé koleno 90° s čistícím otvorem Ø 160 mm s tloušťkou izolace 50 mm"
38542;"EVORA T 02";"ROMOTOP Krbová kamna EVORA T kámen"
41281;36291.18;"ROKA Nerezové třívrstvé koleno 90° s čistícím otvorem Ø 180 mm s tloušťkou izolace 50 mm"
41282;36291.2;"ROKA Nerezové třívrstvé koleno 90° s čistícím otvorem Ø 200 mm s tloušťkou izolace 50 mm"
38544;"EVORA T 07";"ROMOTOP Krbová kamna EVORA T pískovec"
41283;36291.23;"ROKA Nerezové třívrstvé koleno 90° s čistícím otvorem Ø 230 mm s tloušťkou izolace 50 mm"
41284;36291.25;"ROKA Nerezové třívrstvé koleno 90° s čistícím otvorem Ø 250 mm s tloušťkou izolace 50 mm"
38546;"LAREDO 02";"ROMOTOP Krbová kamna LAREDO kámen"
41169;32215.15;"ROKA Nerezový třívrstvý sopouch 45° Ø 150 mm s tloušťkou izolace 25 mm"
41170;32215.16;"ROKA Nerezový třívrstvý sopouch 45° Ø 160 mm s tloušťkou izolace 25 mm"
38547;"LAREDO 03";"ROMOTOP Krbová kamna LAREDO plech"
41171;32215.18;"ROKA Nerezový třívrstvý sopouch 45° Ø 180 mm s tloušťkou izolace 25 mm"
41172;32215.2;"ROKA Nerezový třívrstvý sopouch 45° Ø 200 mm s tloušťkou izolace 25 mm"
38552;"LAREDO 04 A";"ROMOTOP Krbová kamna LAREDO AKUM pískovec"
41173;36215.15;"ROKA Nerezový třívrstvý sopouch 45° Ø 150 mm s tloušťkou izolace 50 mm"
38554;"LAREDO F 02";"ROMOTOP Krbová kamna LAREDO F kámen"
41174;36215.16;"ROKA Nerezový třívrstvý sopouch 45° Ø 160 mm s tloušťkou izolace 50 mm"
38555;"LAREDO F 03";"ROMOTOP Krbová kamna LAREDO F plech"
41175;36215.18;"ROKA Nerezový třívrstvý sopouch 45° Ø 180 mm s tloušťkou izolace 50 mm"
38556;"LAREDO T 01";"ROMOTOP Krbová kamna LAREDO T keramika"
41176;36215.2;"ROKA Nerezový třívrstvý sopouch 45° Ø 200 mm s tloušťkou izolace 50 mm"
38557;"LAREDO T 02";"ROMOTOP Krbová kamna LAREDO T kámen"
41157;32210.15;"ROKA Nerezový třívrstvý sopouch 60° Ø 150 mm s tloušťkou izolace 25 mm"
38558;"LAREDO T 03";"ROMOTOP Krbová kamna LAREDO T plech"
41158;32210.16;"ROKA Nerezový třívrstvý sopouch 60° Ø 160 mm s tloušťkou izolace 25 mm"
38559;"LAREDO T 04";"ROMOTOP Krbová kamna LAREDO T pískovec"
41159;32210.18;"ROKA Nerezový třívrstvý sopouch 60° Ø 180 mm s tloušťkou izolace 25 mm"
41160;32210.2;"ROKA Nerezový třívrstvý sopouch 60° Ø 200 mm s tloušťkou izolace 25 mm"
41161;32210.23;"ROKA Nerezový třívrstvý sopouch 60° Ø 230 mm s tloušťkou izolace 25 mm"
41162;32210.25;"ROKA Nerezový třívrstvý sopouch 60° Ø 250 mm s tloušťkou izolace 25 mm"
41163;36210.15;"ROKA Nerezový třívrstvý sopouch 60° Ø 150 mm s tloušťkou izolace 50 mm"
42229;3621.16;"ROKA Nerezový třívrstvý sopouch 60° Ø 160 mm s tloušťkou izolace 50 mm"
41165;36210.18;"ROKA Nerezový třívrstvý sopouch 60° Ø 180 mm s tloušťkou izolace 50 mm"
38575;"LUANCO N04";"ROMOTOP Krbová kamna LUANCO N pískovec"
41166;36210.2;"ROKA Nerezový třívrstvý sopouch 60° Ø 200 mm s tloušťkou izolace 50 mm"
38579;"LUANCO N 04 A";"ROMOTOP Krbová kamna LUANCO N AKUM pískovec"
41167;36210.23;"ROKA Nerezový třívrstvý sopouch 60° Ø 230 mm s tloušťkou izolace 50 mm"
41168;36210.25;"ROKA Nerezový třívrstvý sopouch 60° Ø 250 mm s tloušťkou izolace 50 mm"
41145;32198.15;"ROKA Nerezový třívrstvý sopouch 87° Ø 150 mm s tloušťkou izolace 25 mm"
38568;"LUGO N 01 BF";"ROMOTOP Krbová kamna LUGO N BF keramika"
41146;32198.16;"ROKA Nerezový třívrstvý sopouch 87° Ø 160 mm s tloušťkou izolace 25 mm"
41147;32198.18;"ROKA Nerezový třívrstvý sopouch 87° Ø 180 mm s tloušťkou izolace 25 mm"
41148;32198.2;"ROKA Nerezový třívrstvý sopouch 87° Ø 200 mm s tloušťkou izolace 25 mm"
38569;"LUGO N 02 BF";"ROMOTOP Krbová kamna LUGO N BF kámen"
41149;32198.23;"ROKA Nerezový třívrstvý sopouch 87° Ø 230 mm s tloušťkou izolace 25 mm"
41150;32198.25;"ROKA Nerezový třívrstvý sopouch 87° Ø 250 mm s tloušťkou izolace 25 mm"
41151;36198.15;"ROKA Nerezový třívrstvý sopouch 87° Ø 150 mm s tloušťkou izolace 50 mm"
41152;36198.16;"ROKA Nerezový třívrstvý sopouch 87° Ø 160 mm s tloušťkou izolace 50 mm"
38563;"LUGO N 04";"ROMOTOP Krbová kamna LUGO N pískovec"
41153;36198.18;"ROKA Nerezový třívrstvý sopouch 87° Ø 180 mm s tloušťkou izolace 50 mm"
38567;"LUGO N 04 AKUM";"ROMOTOP Krbová kamna LUGO N AKUM pískovec"
41154;36198.2;"ROKA Nerezový třívrstvý sopouch 87° Ø 200 mm s tloušťkou izolace 50 mm"
41155;36198.23;"ROKA Nerezový třívrstvý sopouch 87° Ø 230 mm s tloušťkou izolace 50 mm"
41156;36198.25;"ROKA Nerezový třívrstvý sopouch 87° Ø 250 mm s tloušťkou izolace 50 mm"
41133;32190.15;"ROKA Nerezový třívrstvý sopouch 90° Ø 150 mm s tloušťkou izolace 25 mm"
38592;"RIANO N 01";"ROMOTOP Krbová kamna RIANO N plech"
41134;32190.16;"ROKA Nerezový třívrstvý sopouch 90° Ø 160 mm s tloušťkou izolace 25 mm"
41135;32190.18;"ROKA Nerezový třívrstvý sopouch 90° Ø 180 mm s tloušťkou izolace 25 mm"
41136;32190.2;"ROKA Nerezový třívrstvý sopouch 90° Ø 200 mm s tloušťkou izolace 25 mm"
41137;32190.23;"ROKA Nerezový třívrstvý sopouch 90° Ø 230 mm s tloušťkou izolace 25 mm"
38601;"STROMBOLI N02";"ROMOTOP Krbová kamna STROMBOLI N keramika"
41138;32190.25;"ROKA Nerezový třívrstvý sopouch 90° Ø 250 mm s tloušťkou izolace 25 mm"
41139;36190.15;"ROKA Nerezový třívrstvý sopouch 90° Ø 150 mm s tloušťkou izolace 50 mm"
41140;36190.16;"ROKA Nerezový třívrstvý sopouch 90° Ø 160 mm s tloušťkou izolace 50 mm"
41141;36190.18;"ROKA Nerezový třívrstvý sopouch 90° Ø 180 mm s tloušťkou izolace 50 mm"
41142;36190.2;"ROKA Nerezový třívrstvý sopouch 90° Ø 200 mm s tloušťkou izolace 50 mm"
41143;36190.23;"ROKA Nerezový třívrstvý sopouch 90° Ø 230 mm s tloušťkou izolace 50 mm"
41144;36190.25;"ROKA Nerezový třívrstvý sopouch 90° Ø 250 mm s tloušťkou izolace 50 mm"
41544;32611.15;"ROKA Přechod RS 2200/RS 3200 Ø 150 mm s izolací 25 mm"
41545;32611.16;"ROKA Přechod RS 2200/RS 3200 Ø 160 mm s izolací 25 mm"
41546;32611.18;"ROKA Přechod RS 2200/RS 3200 Ø 180 mm s izolací 25 mm"
41547;32611.2;"ROKA Přechod RS 2200/RS 3200 Ø 200 mm s izolací 25 mm"
41714;0422017510000;"HAAS & SOHN Krbová kamna NORDBY – černá/Speckstein"
41548;32611.23;"ROKA Přechod RS 2200/RS 3200 Ø 230 mm s izolací 25 mm"
41549;32611.25;"ROKA Přechod RS 2200/RS 3200 Ø 250 mm s izolací 25 mm"
41715;0426617120000;"HAAS & SOHN Krbová kamna ORSTED – světle šedá/serpentino"
41550;36611.16;"ROKA Přechod RS 2200/RS 3200 Ø 160 mm s izolací 50 mm"
41551;36611.18;"ROKA Přechod RS 2200/RS 3200 Ø 180 mm s izolací 50 mm"
41552;36611.2;"ROKA Přechod RS 2200/RS 3200 Ø 200 mm s izolací 50 mm"
41553;36611.23;"ROKA Přechod RS 2200/RS 3200 Ø 230 mm s izolací 50 mm"
41554;36611.25;"ROKA Přechod RS 2200/RS 3200 Ø 250 mm s izolací 50 mm"
42227;31611.15;"ROKA Přechod RS 2100/RS 3100 Ø 150 mm s izolací 25 mm"
41807;0429515600000;"HAAS & SOHN Krbová kamna HERBORN II – černá"
41508;31580.21;"ROKA Zakrývací kužel Ø 210 mm"
41509;31580.23;"ROKA Zakrývací kužel Ø 230 mm"
41510;31580.25;"ROKA Zakrývací kužel Ø 250 mm"
41512;31580.28;"ROKA Zakrývací kužel Ø 280 mm"
41515;31580.35;"ROKA Zakrývací kužel Ø 350 mm"
41498;31570.2;"ROKA Zakrývací mezikruží Ø 200 mm"
41499;31570.21;"ROKA Zakrývací mezikruží Ø 210 mm"
41500;31570.23;"ROKA Zakrývací mezikruží Ø 230 mm"
41501;31570.25;"ROKA Zakrývací mezikruží Ø 250 mm"
41503;31570.28;"ROKA Zakrývací mezikruží Ø 280 mm"
41504;31570.3;"ROKA Zakrývací mezikruží Ø 300 mm"
41506;31570.35;"ROKA Zakrývací mezikruží Ø 350 mm"
41345;31390.2;"ROKA Nerezová protidešťová manžeta Ø 200 mm"
41346;31390.21;"ROKA Nerezová protidešťová manžeta Ø 210 mm"
41348;31390.25;"ROKA Nerezová protidešťová manžeta Ø 250 mm"
41350;31390.28;"ROKA Nerezová protidešťová manžeta Ø 280 mm"
41351;31390.3;"ROKA Nerezová protidešťová manžeta Ø 300 mm"
41353;31390.35;"ROKA Nerezová protidešťová manžeta Ø 350 mm"
41061;32070.15;"ROKA Dno s odvodem kondenzátu Ø 150 mm s izolací 25 mm"
41062;32070.16;"ROKA Dno s odvodem kondenzátu Ø 160 mm s izolací 25 mm"
41063;32070.18;"ROKA Dno s odvodem kondenzátu Ø 180 mm s izolací 25 mm"
41064;32070.2;"ROKA Dno s odvodem kondenzátu Ø 200 mm s izolací 25 mm"
41731;0434518040000;"HAAS & SOHN Krbová kamna ALMO II s výměníkem – antracit"
41065;32070.23;"ROKA Dno s odvodem kondenzátu Ø 230 mm s izolací 25 mm"
41066;32070.25;"ROKA Dno s odvodem kondenzátu Ø 250 mm s izolací 25 mm"
41067;36070.15;"ROKA Dno s odvodem kondenzátu Ø 150 mm s izolací 50 mm"
41068;36070.16;"ROKA Dno s odvodem kondenzátu Ø 160 mm s izolací 50 mm"
41069;36070.18;"ROKA Dno s odvodem kondenzátu Ø 180 mm s izolací 50 mm"
41070;36070.2;"ROKA Dno s odvodem kondenzátu Ø 200 mm s izolací 50 mm"
41071;36070.23;"ROKA Dno s odvodem kondenzátu Ø 230 mm s izolací 50 mm"
41072;36070.25;"ROKA Dno s odvodem kondenzátu Ø 250 mm s izolací 50 mm"
41073;32071.15;"ROKA Dno s odvodem kondenzátu do boku Ø 150 mm s izolací 25 mm"
41074;32071.16;"ROKA Dno s odvodem kondenzátu do boku Ø 160 mm s izolací 25 mm"
41075;32071.18;"ROKA Dno s odvodem kondenzátu do boku Ø 180 mm s izolací 25 mm"
41076;32071.2;"ROKA Dno s odvodem kondenzátu do boku Ø 200 mm s izolací 25 mm"
41077;32071.23;"ROKA Dno s odvodem kondenzátu do boku Ø 230 mm s izolací 25 mm"
41078;32071.25;"ROKA Dno s odvodem kondenzátu do boku Ø 250 mm s izolací 25 mm"
41080;36071.16;"ROKA Dno s odvodem kondenzátu do boku Ø 160 mm s izolací 50 mm"
41081;36071.18;"ROKA Dno s odvodem kondenzátu do boku Ø 180 mm s izolací 50 mm"
41688;0435016100000;"HAAS & SOHN Krbová kamna AVESTA – černá/Woodstone Prestige"
41082;36071.2;"ROKA Dno s odvodem kondenzátu do boku Ø 200 mm s izolací 50 mm"
41083;36071.23;"ROKA Dno s odvodem kondenzátu do boku Ø 230 mm s izolací 50 mm"
41084;36071.25;"ROKA Dno s odvodem kondenzátu do boku Ø 250 mm s izolací 50 mm"
41085;32072.15;"ROKA Dno s odvodem kruhové Ø 150 mm s izolací 25 mm"
42082;"SONE 01";"ROMOTOP Krbová kamna SONE 01 keramika s reliéfem"
41086;32072.16;"ROKA Dno s odvodem kruhové Ø 160 mm s izolací 25 mm"
42083;"SONE 01 A";"ROMOTOP Krbová kamna SONE 01 A keramika s reliéfem"
41087;32072.18;"ROKA Dno s odvodem kruhové Ø 180 mm s izolací 25 mm"
42084;"SONE 02";"ROMOTOP Krbová kamna SONE 02 kámen"
41088;32072.2;"ROKA Dno s odvodem kruhové Ø 200 mm s izolací 25 mm"
42085;"SONE 02 A";"ROMOTOP Krbová kamna SONE 02 A kámen"
41089;32072.23;"ROKA Dno s odvodem kruhové Ø 230 mm s izolací 25 mm"
42086;"SONE 03";"ROMOTOP Krbová kamna SONE 03 plech"
41090;32072.25;"ROKA Dno s odvodem kruhové Ø 250 mm s izolací 25 mm"
42087;"SONE 03 A";"ROMOTOP Krbová kamna SONE 03 A plech"
41091;36072.15;"ROKA Dno s odvodem kruhové Ø 150 mm s izolací 50 mm"
42088;"SONE 04";"ROMOTOP Krbová kamna SONE 04 pískovec"
41092;36072.16;"ROKA Dno s odvodem kruhové Ø 160 mm s izolací 50 mm"
42089;"SONE 04 A";"ROMOTOP Krbová kamna SONE 04 A pískovec"
41093;36072.18;"ROKA Dno s odvodem kruhové Ø 180 mm s izolací 50 mm"
42090;"SONE 05";"ROMOTOP Krbová kamna SONE 05 keramika"
41047;31050.2;"ROKA Konzola pro Ø 200 mm"
41048;31050.21;"ROKA Konzola pro Ø 210 mm"
42092;"SONE G 01";"ROMOTOP Krbová kamna SONE G 01 keramika s reliéfem"
41049;31050.23;"ROKA Konzola pro Ø 230 mm"
42093;"SONE G 01 A";"ROMOTOP Krbová kamna SONE G 01 A keramika s reliéfem"
41050;31050.25;"ROKA Konzola pro Ø 250 mm"
42094;"SONE G 02";"ROMOTOP Krbová kamna SONE G 02 kámen"
41051;31050.28;"ROKA Konzola pro Ø 280 mm"
42095;"SONE G 02 A";"ROMOTOP Krbová kamna SONE G 02 A kámen"
41052;31050.3;"ROKA Konzola pro Ø 300 mm"
42096;"SONE G 03";"ROMOTOP Krbová kamna SONE G 03 plech"
41054;31050.35;"ROKA Konzola pro Ø 350 mm"
42097;"SONE G 03 A";"ROMOTOP Krbová kamna SONE G 03 A plech"
41055;31051.25;"ROKA Konzola Profi pro Ø 250 mm"
42098;"SONE G 04";"ROMOTOP Krbová kamna SONE G 04 pískovec"
41058;31051.3;"ROKA Konzola Profi pro Ø 300 mm"
42099;"SONE G 04 A";"ROMOTOP Krbová kamna SONE G 04 A pískovec"
41060;31051.35;"ROKA Konzola Profi pro Ø 350 mm"
42100;"SONE G 05";"ROMOTOP Krbová kamna SONE G 05 keramika"
41533;31610.2;"ROKA Čelová spona + čelo Ø 200 mm pro díly s 25 mm izolací"
42101;"SONE G 05 A";"ROMOTOP Krbová kamna SONE G 05 A keramika"
41534;31610.21;"ROKA Čelová spona + čelo Ø 210 mm pro díly s 25 mm izolací"
42157;0424617410000;"HAAS & SOHN Krbová kamna MOLDE"
41536;31610.25;"ROKA Čelová spona + čelo Ø 250 mm pro díly s 25 mm izolací"
41537;31610.28;"ROKA Čelová spona + čelo Ø 280 mm pro díly s 25 mm izolací"
41538;31610.3;"ROKA Čelová spona + čelo Ø 300 mm pro díly s 25 mm izolací"
42762;Q108;"DEFRO HOME Krbová kamna DELLA s plotýnkou"
41539;35610.26;"ROKA Čelová spona + čelo Ø 260 mm  pro díly s 50 mm izolací"
41540;35610.28;"ROKA Čelová spona + čelo Ø 280 mm  pro díly s 50 mm izolací"
41542;35610.33;"ROKA Čelová spona + čelo Ø 330 mm  pro díly s 50 mm izolací"
41543;35610.35;"ROKA Čelová spona + čelo Ø 350 mm  pro díly s 50 mm izolací"
42807;"EVORA 22";"ROMOTOP Krbová kamna Evora 22 kámen"
41590;31700.2;"ROKA Kotevní element Ø 200 mm"
41591;31700.21;"ROKA Kotevní element Ø 210 mm"
41592;31700.23;"ROKA Kotevní element Ø 230 mm"
41593;31700.25;"ROKA Kotevní element Ø 250 mm"
41595;31700.28;"ROKA Kotevní element Ø 280 mm"
41598;31700.35;"ROKA Kotevní element Ø 350 mm"
41604;31710.28;"ROKA Kotvící objímka Ø 280 mm"
41607;31710.35;"ROKA Kotvící objímka Ø 350 mm"
41516;31600.2;"ROKA Spona Ø 200 mm"
43297;Q121;"DEFRO HOME Sedna"
41517;31600.21;"ROKA Spona Ø 210 mm"
41518;31600.23;"ROKA Spona Ø 230 mm"
38553;"LAREDO F 01";"ROMOTOP Krbová kamna LAREDO F keramika"
41519;31600.25;"ROKA Spona Ø 250 mm"
41520;31600.26;"ROKA Spona Ø 260 mm"
41522;31600.3;"ROKA Spona Ø 300 mm"
41524;31600.35;"ROKA Spona Ø 350 mm"
41525;31601.21;"ROKA Spona s přezkou Ø 210 mm"
41529;31601.28;"ROKA Spona s přezkou Ø 280 mm"
41532;31601.35;"ROKA Spona s přezkou Ø 350 mm"
38537;"EVORA 01 AKUM";"ROMOTOP Krbová kamna EVORA AKUM keramika"
41624;31805.2;"ROKA Závěs kouřovodu Ø 200 mm"
41625;31805.21;"ROKA Závěs kouřovodu Ø 210 mm"
41626;31805.23;"ROKA Závěs kouřovodu Ø 230 mm"
41627;31805.25;"ROKA Závěs kouřovodu Ø 250 mm"
41629;31805.28;"ROKA Závěs kouřovodu Ø 280 mm"
41630;31805.3;"ROKA Závěs kouřovodu Ø 300 mm"
41632;31805.35;"ROKA Závěs kouřovodu Ø 350 mm"
41615;31730.2;"ROKA Lůžko přednastavitelné 60–100 mm Ø 200 mm"
41616;31730.21;"ROKA Lůžko přednastavitelné 60–100 mm Ø 210 mm"
41617;31730.23;"ROKA Lůžko přednastavitelné 60–100 mm Ø 230 mm"
41620;31730.28;"ROKA Lůžko přednastavitelné 60–100 mm Ø 280 mm"
41621;31730.3;"ROKA Lůžko přednastavitelné 60–100 mm Ø 300 mm"
41623;31730.35;"ROKA Lůžko přednastavitelné 60–100 mm Ø 350 mm"
41611;31725.25;"ROKA Lůžko šířka 50 mm Ø 250 mm"
41612;31725.26;"ROKA Lůžko šířka 50 mm Ø 260 mm"
41613;31725.28;"ROKA Lůžko šířka 50 mm Ø 280 mm"
41614;31725.3;"ROKA Lůžko šířka 50 mm Ø 300 mm"
42235;31601.2;"ROKA Spona s přezkou Ø 200 mm"
41599;31710.2;"ROKA Kotvící objímka Ø 200 mm"
41602;31710.25;"ROKA Kotvící objímka Ø 250 mm"
41372;31431.2;"ROKA Lemování 0–30° tvrdá krytina Ø 200 mm"
41373;31431.21;"ROKA Lemování 0–30° tvrdá krytina Ø 210 mm"
41374;31431.23;"ROKA Lemování 0–30° tvrdá krytina Ø 230 mm"
41375;31431.25;"ROKA Lemování 0–30° tvrdá krytina Ø 250 mm"
41377;31431.28;"ROKA Lemování 0–30° tvrdá krytina Ø 280 mm"
41378;31431.3;"ROKA Lemování 0–30° tvrdá krytina Ø 300 mm"
41380;31431.35;"ROKA Lemování 0–30° tvrdá krytina Ø 350 mm"
41363;31420.2;"ROKA Lemování 0° Ø 200 mm"
41364;31420.21;"ROKA Lemování 0° Ø 210 mm"
41365;31420.23;"ROKA Lemování 0° Ø 230 mm"
41366;31420.25;"ROKA Lemování 0° Ø 250 mm"
41368;31420.28;"ROKA Lemování 0° Ø 280 mm"
41745;0332315200000;"HAAS & SOHN Krbová kamna EMPOLI AL II s výměníkem – černá, hnědá kachle"
41369;31420.3;"ROKA Lemování 0° Ø 300 mm"
41746;0332315210000;"HAAS & SOHN Krbová kamna EMPOLI AL II s výměníkem – černá, zelená kachle"
41371;31420.35;"ROKA Lemování 0° Ø 350 mm"
41747;0332315220000;"HAAS & SOHN Krbová kamna EMPOLI AL II s výměníkem – černá, bordeaux kachle"
41408;31441.2;"ROKA Lemování 23–47° tvrdá krytina Ø 200 mm"
41748;0332315240000;"HAAS & SOHN Krbová kamna EMPOLI AL II s výměníkem – černá, kachle karamel"
41409;31441.21;"ROKA Lemování 23–47° tvrdá krytina Ø 210 mm"
41410;31441.23;"ROKA Lemování 23–47° tvrdá krytina Ø 230 mm"
41411;31441.25;"ROKA Lemování 23–47° tvrdá krytina Ø 250 mm"
41414;31441.3;"ROKA Lemování 23–47° tvrdá krytina Ø 300 mm"
41416;31441.35;"ROKA Lemování 23–47° tvrdá krytina Ø 350 mm"
41737;0332315600000;"HAAS & SOHN Krbová kamna EBOLI AL II s výměníkem – černá, hnědá kachle"
41444;31451.2;"ROKA Lemování 37–53° tvrdá krytina Ø 200 mm"
41738;0332315610000;"HAAS & SOHN Krbová kamna EBOLI AL II s výměníkem – černá, zelená kachle"
41445;31451.21;"ROKA Lemování 37–53° tvrdá krytina Ø 210 mm"
41739;0332315640000;"HAAS & SOHN Krbová kamna EBOLI AL II s výměníkem – černá, kachle karamel"
41446;31451.23;"ROKA Lemování 37–53° tvrdá krytina Ø 230 mm"
41740;0332315660000;"HAAS & SOHN Krbová kamna EBOLI AL II s výměníkem – černá, kachle tabak"
41449;31451.28;"ROKA Lemování 37–53° tvrdá krytina Ø 280 mm"
41450;31451.3;"ROKA Lemování 37–53° tvrdá krytina Ø 300 mm"
41452;31451.35;"ROKA Lemování 37–53° tvrdá krytina Ø 350 mm"
41578;32640.15;"ROKA Kotlový díl Ø 150 mm s izolací 25 mm"
41579;32640.16;"ROKA Kotlový díl Ø 160 mm s izolací 25 mm"
41580;32640.18;"ROKA Kotlový díl Ø 180 mm s izolací 25 mm"
41581;32640.2;"ROKA Kotlový díl Ø 200 mm s izolací 25 mm"
41582;32640.23;"ROKA Kotlový díl Ø 230 mm s izolací 25 mm"
41583;32640.25;"ROKA Kotlový díl Ø 250 mm s izolací 25 mm"
41584;36640.15;"ROKA Kotlový díl Ø 150 mm s izolací 50 mm"
41585;36640.16;"ROKA Kotlový díl Ø 160 mm s izolací 50 mm"
41586;36640.18;"ROKA Kotlový díl Ø 180 mm s izolací 50 mm"
41587;36640.2;"ROKA Kotlový díl Ø 200 mm s izolací 50 mm"
41588;36640.23;"ROKA Kotlový díl Ø 230 mm s izolací 50 mm"
41589;36640.25;"ROKA Kotlový díl Ø 250 mm s izolací 50 mm"
41354;31810.2;"ROKA Krakorec pro Ø 200 mm"
41355;31810.21;"ROKA Krakorec pro Ø 210 mm"
41356;31810.23;"ROKA Krakorec pro Ø 230 mm"
41357;31810.25;"ROKA Krakorec pro Ø 250 mm"
41359;31810.28;"ROKA Krakorec pro Ø 280 mm"
41360;31810.3;"ROKA Krakorec pro Ø 300 mm"
41362;31810.35;"ROKA Krakorec pro Ø 350 mm"
41333;32370.15;"ROKA Nerezový třívrstvý komínový vynášecí díl Ø 150 mm s izolací 25 mm"
42233;32370.16;"ROKA Nerezový třívrstvý komínový vynášecí díl Ø 160 mm s izolací 25 mm"
41335;32370.18;"ROKA Nerezový třívrstvý komínový vynášecí díl Ø 180 mm s izolací 25 mm"
41336;32370.2;"ROKA Nerezový třívrstvý komínový vynášecí díl Ø 200 mm s izolací 25 mm"
41337;32370.23;"ROKA Nerezový třívrstvý komínový vynášecí díl Ø 230 mm s izolací 25 mm"
41338;32370.25;"ROKA Nerezový třívrstvý komínový vynášecí díl Ø 250 mm s izolací 25 mm"
41339;36370.15;"ROKA Nerezový třívrstvý komínový vynášecí díl Ø 150 mm s izolací 50 mm"
41340;36370.16;"ROKA Nerezový třívrstvý komínový vynášecí díl Ø 160 mm s izolací 50 mm"
41341;36370.18;"ROKA Nerezový třívrstvý komínový vynášecí díl Ø 180 mm s izolací 50 mm"
41342;36370.2;"ROKA Nerezový třívrstvý komínový vynášecí díl Ø 200 mm s izolací 50 mm"
41343;36370.23;"ROKA Nerezový třívrstvý komínový vynášecí díl Ø 230 mm s izolací 50 mm"
41344;36370.25;"ROKA Nerezový třívrstvý komínový vynášecí díl Ø 250 mm s izolací 50 mm"
40249;30059671;"JOTUL Krbová kamna Jøtul F 500 ECO SE – smalt slonová kost"
41555;31620.15;"ROKA Uzávěr průduchu Ø 150 mm s izolací 25 mm"
41556;31620.16;"ROKA Uzávěr průduchu Ø 160 mm s izolací 25 mm"
41557;31620.18;"ROKA Uzávěr průduchu Ø 180 mm s izolací 25 mm"
41558;31620.2;"ROKA Uzávěr průduchu Ø 200 mm s izolací 25 mm"
41559;31620.23;"ROKA Uzávěr průduchu Ø 230 mm s izolací 25 mm"
41560;31620.25;"ROKA Uzávěr průduchu Ø 250 mm s izolací 25 mm"
41561;36620.16;"ROKA Uzávěr průduchu Ø 160 mm s izolací 50 mm"
41562;36620.18;"ROKA Uzávěr průduchu Ø 180 mm s izolací 50 mm"
41563;36620.2;"ROKA Uzávěr průduchu Ø 200 mm s izolací 50 mm"
41564;36620.23;"ROKA Uzávěr průduchu Ø 230 mm s izolací 50 mm"
41565;36620.25;"ROKA Uzávěr průduchu Ø 250 mm s izolací 50 mm"
41024;31010.2;"ROKA Teleskopická stolička Ø 150 mm s izolací 25 mm"
41025;31010.21;"ROKA Teleskopická stolička Ø 160 mm s izolací 25 mm"
41026;31010.23;"ROKA Teleskopická stolička Ø 180 mm s izolací 25 mm"
41027;31010.25;"ROKA Teleskopická stolička Ø 200 mm s izolací 25 mm"
42222;31010.26;"ROKA Teleskopická stolička Ø 160 mm s izolací 50 mm"
41028;31010.28;"ROKA Teleskopická stolička Ø 180 mm s izolací 25 mm"
41029;31010.3;"ROKA Teleskopická stolička Ø 200 mm s izolací 25 mm"
41031;31010.35;"ROKA Teleskopická stolička Ø 250 mm s izolací 50 mm"
41032;31020.2;"ROKA Stolička Ø 150 mm s izolací 25 mm"
41033;31020.21;"ROKA Stolička Ø 160 mm s izolací 25 mm"
41034;31020.23;"ROKA Stolička Ø 180 mm s izolací 25 mm"
41035;31020.25;"ROKA Stolička Ø 200 mm s izolací 25 mm"
41036;31020.28;"ROKA Stolička Ø 230 mm s izolací 25 mm"
41037;31020.3;"ROKA Stolička Ø 250 mm s izolací 25 mm"
41039;31020.35;"ROKA Stolička Ø 250 mm s izolací 50 mm"
41040;31040.32;"ROKA Pomocná konzola – délka 320 mm"
41041;31040.4;"ROKA Pomocná konzola – délka 400 mm"
41043;31040.6;"ROKA Pomocná konzola – délka 600 mm"
41044;31040.7;"ROKA Pomocná konzola – délka 700 mm"
41045;31040.8;"ROKA Pomocná konzola – délka 800 mm"
41046;31040.985;"ROKA Pomocná konzola – délka 985 mm"
41094;36072.2;"ROKA Dno s odvodem kruhové Ø 200 mm s izolací 50 mm"
41095;36072.23;"ROKA Dno s odvodem kruhové Ø 230 mm s izolací 50 mm"
41096;36072.25;"ROKA Dno s odvodem kruhové Ø 250 mm s izolací 50 mm"
41527;31601.25;"ROKA Spona s přezkou Ø 250 mm"
41164;36210.16;"Nerezový třívrstvý sopouch 60° – tloušťka izolace 50 mm – Ø vložky 160 mm | přiřazený Ø 260 mm"
40826;22105.15;"ROKA Díl s dvojitým kontrolním otvorem 150 x 250 mm Ø 150 mm"
40827;22105.16;"ROKA Díl s dvojitým kontrolním otvorem 150 x 250 mm Ø 160 mm"
40828;22105.18;"ROKA Díl s dvojitým kontrolním otvorem 150 x 250 mm Ø 180 mm"
40829;22105.2;"ROKA Díl s dvojitým kontrolním otvorem 150 x 250 mm Ø 200 mm"
40834;22140.15;"ROKA Díl s obdélníkovým otvorem Ø 150 mm"
40835;22140.16;"ROKA Díl s obdélníkovým otvorem Ø 160 mm"
40836;22140.18;"ROKA Díl s obdélníkovým otvorem Ø 180 mm"
40837;22140.2;"ROKA Díl s obdélníkovým otvorem Ø 200 mm"
42208;22100.14;"ROKA Díl s kontrolním otvorem 150 x 250 mm Ø 140 mm"
41003;23320.15;"ROKA Komínový díl 250 mm s tloušťkou plechu 0,8 mm Ø 150 mm"
41004;23320.16;"ROKA Komínový díl 250 mm s tloušťkou plechu 0,8 mm Ø 160 mm"
41005;23320.18;"ROKA Komínový díl 250 mm s tloušťkou plechu 0,8 mm Ø 180 mm"
41006;23320.2;"ROKA Komínový díl 250 mm s tloušťkou plechu 0,8 mm Ø 200 mm"
40833;22130.2;"ROKA Díl s kruhovým kontrolním otvorem s deklem Ø 200 mm"
40873;22300.15;"ROKA Komínový díl 920 mm Ø 150 mm"
40874;22300.16;"ROKA Komínový díl 920 mm Ø 160 mm"
40877;22320.15;"ROKA Komínový díl 250 mm Ø 150 mm"
40830;22130.15;"ROKA Díl s kruhovým kontrolním otvorem s deklem Ø 150 mm"
40831;22130.16;"ROKA Díl s kruhovým kontrolním otvorem s deklem Ø 160 mm"
40832;22130.18;"ROKA Díl s kruhovým kontrolním otvorem s deklem Ø 180 mm"
40995;23300.15;"ROKA Komínový díl 920 mm s tloušťkou plechu 0,8 mm Ø 150 mm"
41012;29250.18;"ROKA Koleno 45° z žáruvzdorné nerezi RS 2900 s tloušťkou plechu 2 mm Ø 180 mm"
40857;22255.15;"ROKA Přestavitelné koleno 0° – 45° Ø 150 mm"
40865;22296.15;"ROKA Přestavitelné koleno 0° – 90° s kontrolním otvorem Ø 150 mm"
40867;22296.18;"ROKA Přestavitelné koleno 0° – 90° s kontrolním otvorem Ø 180 mm"
40868;22296.2;"ROKA Přestavitelné koleno 0° – 90° s kontrolním otvorem Ø 200 mm"
40861;22295.15;"ROKA Přestavitelné koleno 0° – 90° Ø 150 mm"
42213;22296.14;"ROKA Přestavitelné koleno 0° – 90° s kontrolním otvorem Ø 140 mm"
42212;22295.14;"ROKA Přestavitelné koleno 0° – 90° Ø 140 mm"
40949;22660.15;"ROKA Komínová klapka Ø 150 mm"
40950;22660.16;"ROKA Komínová klapka Ø 160 mm"
40951;22660.18;"ROKA Komínová klapka Ø 180 mm"
40952;22660.2;"ROKA Komínová klapka Ø 200 mm"
40953;Okli;"ROKA Klička na klapku bílá"
41022;29664.18;"ROKA Dvoucestná klapka z žáruvzdorné nerezi RS 2900 s tloušťkou plechu 2 mm Ø 180 mm"
40853;22215.15;"ROKA Sopouch 45° Ø 150 mm"
40854;22215.16;"ROKA Sopouch 45° Ø 160 mm"
40855;22215.18;"ROKA Sopouch 45° Ø 180 mm"
40856;22215.2;"ROKA Sopouch 45° Ø 200 mm"
40845;22198.15;"ROKA Sopouch 87° Ø 150 mm"
40846;22198.16;"ROKA Sopouch 87° Ø 160 mm"
40847;22198.18;"ROKA Sopouch 87° Ø 180 mm"
40848;22198.2;"ROKA Sopouch 87° Ø 200 mm"
42209;22190.14;"ROKA Sopouch 90° Ø 140 mm"
40850;22210.16;"ROKA Sopouch 60° Ø 160 mm"
40881;22330.15;"ROKA Ohebná vložka Flex D3 (tloušťka 0,4 mm) 1 m Ø 150 mm"
40882;22330.16;"ROKA Ohebná vložka Flex D3 (tloušťka 0,4 mm) 1 m Ø 160 mm"
40883;22330.18;"ROKA Ohebná vložka Flex D3 (tloušťka 0,4 mm) 1 m Ø 180 mm"
40884;22330.2;"ROKA Ohebná vložka Flex D3 (tloušťka 0,4 mm) 1 m Ø 200 mm"
40937;22690.15;"ROKA Přechodový díl menší–větší (ze 150 na větší)"
40938;22690.16;"ROKA Přechodový díl menší–větší (ze 160 na větší)"
40939;22690.18;"ROKA Přechodový díl menší–větší (ze 180 na větší)"
40940;22690.2;"ROKA Přechodový díl menší–větší (ze 200 na větší)"
40929;22680.15;"ROKA Přechodový díl větší–menší (ze 150 na menší)"
40930;22680.16;"ROKA Přechodový díl větší–menší (ze 160 na menší)"
40931;22680.18;"ROKA Přechodový díl větší–menší (ze 180 na menší)"
40932;22680.2;"ROKA Přechodový díl větší–menší (z 200 na menší)"
40941;22695.15;"ROKA Přechodový díl menší–větší tažený (ze 150 na větší)"
40942;22695.16;"ROKA Přechodový díl menší–větší tažený (ze 160 na větší)"
40943;22695.18;"ROKA Přechodový díl menší–větší tažený (ze 180 na větší)"
40944;22695.2;"ROKA Přechodový díl menší–větší tažený (ze 200 na větší)"
40933;22685.15;"ROKA Přechodový díl větší–menší tažený (ze 150 na menší)"
40934;22685.16;"ROKA Přechodový díl větší–menší tažený (ze 160 na menší)"
40935;22685.18;"ROKA Přechodový díl větší–menší tažený (ze 180 na menší)"
40936;22685.2;"ROKA Přechodový díl větší–menší tažený (ze 200 na menší)"
41835;22680.160H130P;"Přechodový díl větší–menší – Ø 160 / 130 mm"
41836;22680.180H130P;"Přechodový díl větší–menší – Ø 180 / 130 mm"
41837;22680.200H130P;"Přechodový díl větší-menší Ø 200 / 130 mm"
41838;22680.180H140P;"Přechodový díl větší-menší - Ø 180 / 140 mm"
41839;22680.200H140P;"Přechodový díl větší-menší - Ø 200 / 140 mm"
41840;22680.200H150P;"Přechodový díl větší-menší - Ø 200 / 150 mm"
41841;22680.200H160P;"Přechodový díl větší-menší – Ø 200 / 160 mm"
41845;22690.160H130;"Přechodový díl menší–větší – Ø 160 mm / 130 mm"
41846;22690.180H130;"Přechodový díl menší–větší – Ø 180 mm / 130 mm"
41847;22690.180H140;"Přechodový díl menší–větší – Ø 180 / 140 mm"
41848;22690.200H140;"Přechodový díl menší–větší – Ø 200 mm / 140 mm"
41849;22690.200H130;"Přechodový díl menší–větší – Ø 200 mm / 130 mm"
41850;22690.200H150;"Přechodový díl menší–větší Ø 200 mm / 150 mm"
41851;22690.200H160;"Přechodový díl menší–větší Ø 200 mm / 160 mm"
41842;22685.150H140T;"Přechodový díl větší–menší tažený – Ø 150 mm / 140 mm"
41843;22685.160H150T;"Přechodový díl větší–menší tažený – Ø 160 mm / 150 mm"
41844;22685.180H160T;"Přechodový díl větší–menší tážený – Ø 180 mm / 160 mm"
41852;22695.150H140;"Přechodový díl menší–větší tažený Ø 150 mm / 140 mm"
41853;22695.160H150;"Přechodový díl menší–větší tažený Ø 160 mm / 150 mm"
41854;22695.180H160;"Přechodový díl menší–větší tažený - Ø 180 mm / 160 mm"
40965;22680.H150120;"Redukce kouřovodu nerez/nerez – po kouři – Ø 150 / 120 mm"
40966;22680.H160120;"Redukce kouřovodu nerez/nerez – po kouři – Ø 160 / 120 mm"
40967;22680.H160130;"Redukce kouřovodu nerez/nerez – po kouři – Ø 160 / 130 mm"
40968;22680.H180120;"Redukce kouřovodu nerez/nerez – po kouři – Ø 180 / 120 mm"
40969;22680.H180130;"Redukce kouřovodu nerez/nerez – po kouři – Ø 180 / 130 mm"
40970;22680.H180140;"Redukce kouřovodu nerez/nerez – po kouři – Ø 180 / 140 mm"
40971;22680.H200120;"Redukce kouřovodu nerez/nerez – po kouři – Ø 200 / 120 mm"
40972;22680.H200130;"Redukce kouřovodu nerez/nerez – po kouři – Ø 200 / 130 mm"
40973;22680.H200140;"Redukce kouřovodu nerez/nerez – po kouři – Ø 200 / 140 mm"
40974;22680.H200160;"Redukce kouřovodu nerez/nerez – po kouři – Ø 200 / 160 mm"
40954;22680.150H120V;"Redukce kouřovodu nerez/nerez – po vodě – Ø 150 / 120 mm"
40955;22680.160H120V;"Redukce kouřovodu nerez/nerez – po vodě – Ø 160 / 120 mm"
40958;22680.160H130V;"Redukce kouřovodu nerez/nerez – po vodě – Ø 160 / 130 mm"
40956;22680.180H120V;"Redukce kouřovodu nerez/nerez – po vodě – Ø 180 / 120 mm"
40959;22680.180H130V;"Redukce kouřovodu nerez/nerez – po vodě – Ø 180 / 130 mm"
40961;22680.180H140V;"Redukce kouřovodu nerez/nerez – po vodě – Ø 180 / 140 mm"
40957;22680.200H120V;"Redukce kouřovodu nerez/nerez – po vodě – Ø 200 / 120 mm"
40960;22680.200H130V;"Redukce kouřovodu nerez/nerez – po vodě – Ø 200 / 130 mm"
40962;22680.200H140V;"Redukce kouřovodu nerez/nerez – po vodě – Ø 200 / 140 mm"
40963;22680.200H150V;"Redukce kouřovodu nerez/nerez – po vodě – Ø 200 / 150 mm"
40964;22680.200H160V;"Redukce kouřovodu nerez/nerez – po vodě – Ø 200 / 160 mm"
40902;21391.16;"ROKA Krycí manžeta 100 mm – Ø 160 mm"
40897;21390.15;"ROKA Krycí manžeta 50 mm – Ø 150 mm"
40900;21390.2;"ROKA Krycí manžeta 50 mm – Ø 200 mm"
40901;21391.15;"ROKA Krycí manžeta 100 mm – Ø 150 mm"
41855;22670.H150180;"ROKA Převlečená redukce nerez/keramika – po kouři Ø 150/180 mm"
40986;22670.H150200;"ROKA Převlečená redukce nerez/keramika – po kouři Ø 150/200 mm"
40987;22670.H160160;"ROKA Převlečená redukce nerez/keramika – po kouři Ø 160/160 mm"
40988;22670.H160180;"ROKA Převlečená redukce nerez/keramika – po kouři Ø 160/180 mm"
40989;22670.H160200;"ROKA Převlečená redukce nerez/keramika – po kouři Ø 160/200 mm"
40990;22670.H180160;"ROKA Převlečená redukce nerez/keramika – po kouři Ø 180/160 mm"
40991;22670.H180180;"ROKA Převlečená redukce nerez/keramika – po kouři Ø 180/180 mm"
40992;22670.H180200;"ROKA Převlečená redukce nerez/keramika – po kouři Ø 180/200 mm"
40993;22670.H200180;"ROKA Převlečená redukce nerez/keramika – po kouři Ø 200/180 mm"
40994;22670.H200200;"ROKA Převlečená redukce nerez/keramika – po kouři Ø 200/200 mm"
40975;22670.14016;"ROKA Převlečená redukce nerez/keramika – po vodě Ø 140 / 160 mm"
40978;22670.16018;"ROKA Převlečená redukce nerez/keramika – po vodě Ø 160/180 mm"
40984;22670.2002;"ROKA Převlečená redukce nerez/keramika – po vodě Ø 200/200 mm"
42219;22670.1502;"ROKA Převlečená redukce nerez/keramika – po vodě Ø 150/200 mm"
40977;22670.16016;"ROKA Převlečená redukce nerez/keramika – po vodě Ø 160/160 mm"
40983;22670.20018;"ROKA Převlečená redukce nerez/keramika – po vodě Ø 200/180 mm"
40976;22670.15016;"ROKA Převlečená redukce nerez/keramika – po vodě Ø 150/160 mm"
42202;21510.23;"ROKA Meidingerova hlava Ø 230 mm"
42203;21510.25;"ROKA Meidingerova hlava Ø 250 mm"
40913;21510.15;"ROKA Meidingerova hlava  Ø 150 mm"
40916;21510.2;"ROKA Meidingerova hlava  Ø 200 mm"
40812;22071.15;"ROKA Kondenzátní jímka s vývodem do boku – Ø 150 mm"
40813;22071.16;"ROKA Kondenzátní jímka s vývodem do boku – Ø 160 mm"
40814;22071.18;"ROKA Kondenzátní jímka s vývodem do boku – Ø 180 mm"
40815;22071.2;"ROKA Kondenzátní jímka s vývodem do boku – Ø 200 mm"
40808;22070.15;"ROKA Kondenzátní jímka s vývodem dolů – Ø 150 mm"
40809;22070.16;"ROKA Kondenzátní jímka s vývodem dolů – Ø 160 mm"
40810;22070.18;"ROKA Kondenzátní jímka s vývodem dolů – Ø 180 mm"
40811;22070.2;"ROKA Kondenzátní jímka s vývodem dolů – Ø 200 mm"
40820;21090.3;"ROKA Vývod z kondenzátní jímky Ø 300 mm"
40821;21090.5;"ROKA Vývod z kondenzátní jímky Ø 500 mm"
40917;21550.15;"ROKA Distanční objímka Ø 150 mm"
40918;21550.16;"ROKA Distanční objímka Ø 160 mm"
40919;21550.18;"ROKA Distanční objímka Ø 180 mm"
40920;21550.2;"ROKA Distanční objímka Ø 200 mm"
40945;21805.15;"ROKA Závěs kouřovodu Ø 150 mm"
40946;21805.16;"ROKA Závěs kouřovodu Ø 160 mm"
40947;21805.18;"ROKA Závěs kouřovodu Ø 180 mm"
40948;21805.2;"ROKA Závěs kouřovodu Ø 200 mm"
40909;21540.15;"ROKA Zavěšovací objímka Ø 150 mm"
42204;21540.14;"ROKA Zavěšovací objímka Ø 140 mm"
40925;22630.15;"ROKA Díl se šroubením Ø 150 mm"
40889;22360.15;"ROKA Dilatační díl 520 – 850 mm Ø 150 mm"
40885;22340.15;"ROKA Komínový díl se spouštěcími třmeny 920 mm Ø 150 mm"
40921;22620.15;"ROKA Uzávěr sopouchu Ø 150 mm"
40893;22370.15;"ROKA Vynášecí díl Ø 150 mm"
40926;22630.16;"ROKA Díl se šroubením Ø 160 mm"
40890;22360.16;"ROKA Dilatační díl 520 – 850 mm Ø 160 mm"
40886;22340.16;"ROKA Komínový díl se spouštěcími třmeny 920 mm Ø 160 mm"
40922;22620.16;"ROKA Uzávěr sopouchu Ø 160 mm"
40894;22370.16;"ROKA Vynášecí díl Ø 160 mm"
40927;22630.18;"ROKA Díl se šroubením Ø 180 mm"
40891;22360.18;"ROKA Dilatační díl 520 – 850 mm Ø 180 mm"
40887;22340.18;"ROKA Komínový díl se spouštěcími třmeny 920 mm Ø 180 mm"
40895;22370.18;"ROKA Vynášecí díl Ø 180 m"
40928;22630.2;"ROKA Díl se šroubením Ø 200 mm"
40892;22360.2;"ROKA Dilatační díl 520 – 850 mm Ø 200 mm"
40888;22340.2;"ROKA Komínový díl se spouštěcími třmeny 920 mm Ø 200 mm"
40924;22620.2;"ROKA Uzávěr sopouchu Ø 200 mm"
40896;22370.2;"ROKA Vynášecí díl Ø 200 mm"
40839;21160.33;"ROKA Komínová dvířka s prodloužením 330 mm"
40840;21160.5;"ROKA Komínová dvířka s prodloužením 500 mm"
42205;21850.15;"ROKA Izolace Ø 150 mm"
40838;21160.25;"ROKA Komínová dvířka s prodloužením 250 mm"
42200;21490.14;"ROKA Krycí deska s odvětráním Ø 140 mm"
40982;22670.1802;"ROKA Převlečená redukce nerez/keramika – po vodě Ø 180/200 mm"
41021;29660.18;"ROKA Klapka z žáruvzdorné nerezi RS 2900 s tloušťkou plechu 2 mm Ø 180 mm"
40823;22100.16;"ROKA Díl s kontrolním otvorem 150 x 250 mm Ø 160 mm"
40842;22190.16;"ROKA Sopouch 90° Ø 160 mm"
40862;22295.16;"ROKA Přestavitelné koleno 0° – 90° Ø 160 mm"
40915;21510.18;"ROKA Meidingerova hlava  Ø 180 mm"
40979;22670.1602;"ROKA Převlečená redukce nerez/keramika – po vodě Ø 160/200 mm"
40866;22296.16;"ROKA Přestavitelné koleno 0° – 90° s kontrolním otvorem Ø 160 mm"
40906;21490.16;"ROKA Krycí deska s odvětráním – Ø 160 mm"
40875;22300.18;"ROKA Komínový díl 920 mm Ø 180 mm"
38831;"HR2SX RAM04";"Rámek HR2SX RAM04 4S univerzální polohluboký"
37749;Q01RUH;"Rámek úhlový pro INTRA XSM - 4 stranný 2x45° hluboký"
37866;Q32DS;"Dvojité sklo pro INTRA ME SLIM"
37884;Q38DS;"Dvojité sklo pro INTRA ME SLIM G"
40129;GTV850DVL/5;"Antireflexní sklo pro True Vision 850 DVL"
40154;GTV850VL/5;"Antireflexní sklo pro True Vision 850 VL"
37841;Q24;"DEFRO HOME Krbová vložka INTRA SM T G"
37843;Q25;"DEFRO HOME Krbová vložka INTRA ME T G"
38606;"H2T 13";"ROMOTOP Krbová vložka HEAT 2g 59.44.13"
38607;"H2N 01";"ROMOTOP Krbová vložka HEAT 2g 59.50.01"
38608;"H2N 13";"ROMOTOP Krbová vložka HEAT 2g 59.50.13"
38610;"H2P 13";"ROMOTOP Krbová vložka HEAT 2g 70.44.13"
38611;"H2Z 01";"ROMOTOP Krbová vložka HEAT 2g 70.50.01"
38631;"HR2SV 23";"ROMOTOP Krbová vložka HEAT R/L 2g S 50.44.33.13(23)"
38632;"HL2SV 23";"ROMOTOP Krbová vložka HEAT R/L 2g S 50.44.33.13(23)"
38635;"HR2SY 23";"ROMOTOP Krbová vložka HEAT R/L 2g S 60.44.33.13(23) pravé provedení"
38636;"HL2SY 23";"ROMOTOP Krbová vložka HEAT R/L 2g S 60.44.33.13(23)"
38640;"HL2SG 21";"ROMOTOP Krbová vložka HEAT R/L 2g S 65.51.40.01(21) levé provedení"
38643;"HR2SX 23";"ROMOTOP Krbová vložka HEAT R/L 2g S 70.44.33.23 pravé provedení"
38644;"HL2SX 23";"ROMOTOP Krbová vložka HEAT R/L 2g S 70.44.33.23 levé provedení"
38649;"HR3LG 21";"ROMOTOP Krbová vložka HEAT R/L 3g L 65.51.40.01(21)"
38650;"HL3LG 21";"ROMOTOP Krbová vložka HEAT R/L 3g L 65.51.40.01(21)"
38653;"HR3LF 21";"ROMOTOP Krbová vložka HEAT R/L 3g L 81.51.40.01(21)"
38654;"HL3LF 21";"ROMOTOP Krbová vložka HEAT R/L 3g L 81.51.40.01(21) levé provedení"
38655;"HT3Z 01";"ROMOTOP Krbová vložka HEAT T 3g 70.50.01"
38685;"I2F 01";"ROMOTOP Krbová vložka IMPRESSION 2g 55.60.01"
38686;"I2G 01";"ROMOTOP Krbová vložka IMPRESSION 2g 67.60.01"
38687;"I2H 01";"ROMOTOP Krbová vložka IMPRESSION 2g 80.60.01"
38689;"I2LH 01";"ROMOTOP Krbová vložka IMPRESSION 2g L 80.60.01"
38690;"I2LJ 01";"ROMOTOP Krbová vložka IMPRESSION 2g L 93.60.01"
38691;"I2LL 01";"ROMOTOP Krbová vložka IMPRESSION 2g L 118.60.01"
38694;"IL2LG 21";"ROMOTOP Krbová vložka IMPRESSION R/L 2g L 71.60.34.21"
38696;"IL2LH 21";"ROMOTOP Krbová vložka IMPRESSION R/L 2g L 83.60.34.21"
38697;"IR2LH 21";"ROMOTOP Krbová vložka IMPRESSION R/L 2g L 83.60.34.21"
38698;"IR2SF 21";"ROMOTOP Krbová vložka IMPRESSION R/L 2g S 58.60.34.21"
38699;"IL2SF 21";"ROMOTOP Krbová vložka IMPRESSION R/L 2g S 58.60.34.21"
38700;"IR2SG 21";"ROMOTOP Krbová vložka IMPRESSION R/L 2g S 71.60.34.21"
38701;"IL2SG 21";"ROMOTOP Krbová vložka IMPRESSION R/L 2g S 71.60.34.21"
38702;"IC2LF 21";"ROMOTOP Krbová vložka IMPRESSION C 2g L 67.61.34.21"
38703;"IC2LG 21";"ROMOTOP Krbová vložka IMPRESSION C 2g L 80.61.34.21"
41776;0619062150000;"HAAS & SOHN Krbová vložka VESUVIO II 1S"
41777;0619062151000;"HAAS & SOHN Krbová vložka VESUVIO II 2S"
38674;"DWB2M 01B";"ROMOTOP Krbová vložka DYNAMIC WB 2g 66.50.01"
41827;GTV550CL/CR;"M-DESIGN Krbová vložka True Vision 550 CL/CR"
39338;GTV1050CL/CR;"M-DESIGN Krbová vložka True Vision 1050 CL/CR"
37865;Q32;"DEFRO HOME Krbová vložka INTRA ME SLIM - VÝPRODEJ POSLEDNÍ KUS SKLADEM"
39556;DLD700H/10;"Vnitřní integrovaná vermikulitová izolace Isokit pro  LUNA Diamond 700 H"
38870;"I2E TOP01";"I2E TOP01 černá"
38871;"I2E TOP02";"I2E TOP02 natur"
37846;Q26KC;"Černá keramika pro INTRA LA T G"
37875;Q35KC;"Černá keramika pro INTRA ME BP SLIM"
37867;Q32KC;"Černá keramika pro INTRA ME SLIM"
37885;Q38KC;"Černá keramika pro INTRA ME SLIM G"
37844;Q25KC;"Černá keramika pro INTRA ME T G"
37842;Q24KC;"Černá keramika pro INTRA SM T G"
42028;Q51SC-CS;"Černé sklo - zadní stěna v topeništi pro VITAL 51 S C"
38890;"I2LG TOP01";"I2LG TOP01 černá"
38891;"I2LG TOP02";"I2LG TOP02 natur"
38928;"IC2LG TOP01";"IC2LG TOP01 černá"
38945;"IR2LF TOP01";"IR2LF TOP01 černá"
38953;"IR2LG TOP01";"IR2LG TOP01 černá"
38939;"IR2LF KON01";"Konvekční opláštění pro krbové vložky IMPRESSION R/L 2g L 58.60.34.21"
38732;"D2K RAM03";"KV DYNAMIC rámek-3S polohluboký"
38735;"D2L RAM03";"Rámek D2L, DB2L RAM03 3S-60"
38737;"D2L RAM05";"Rámek D2L, DB2L RAM05 3S-25"
38739;"D2M RAM03";"Rámek D2M RAM03 3S-60"
38741;"D2M RAM05";"Rámek D2M RAM05 3S-25"
39958;GTV1050/11;"3 cm"
40091;GTV730/10;"4 cm"
40098;GTV850/10;"4 cm"
38771;"H2Q RAM04";"Rámek H2Q RAM04 krycí polohluboký 4S"
38772;"H2Q RAM06";"Rámek H2Q RAM06 4S"
38819;"HL3LE RAM11";"Rámek HL3LE RAM11 krycí"
38820;"HL3LE RAM12";"Rámek HL3LE RAM12 krycí"
38829;"HR2SV RAM04";"Rámek HR2SV RAM04 4S univerzální polohluboký"
38830;"HR2SV RAM06";"Rámek HR2SV RAM06 4S univerzální mělký"
38834;"HR2SY RAM06";"Rámek HR2SY RAM06 4S univerzální mělký"
38836;"HR3LE RAM11";"Rámek HR3LE RAM11 krycí"
38837;"HR3LE RAM12";"Rámek HR3LE RAM12 krycí"
38838;"HR3LE RAM13";"Rámek HR3LE RAM13 nosný univerzální"
38839;"HR3LE RAM14";"Rámek HR3LE RAM14 nosný univerzální"
38840;"HR3LE RAM15";"Rám HR3LE RAM15 nosný podpůrný"
38885;"I2LG RAM11";"Rámek I2LG RAM11 krycí"
38886;"I2LG RAM12";"Rámek I2LG RAM12 krycí"
38887;"I2LG RAM13";"Rám I2LG RAM13 nosný"
38888;"I2LG RAM14";"Rám I2LG RAM14 nosný"
38889;"I2LG RAM15";"Rám I2LG RAM15 nosný podpůrný"
38930;"IL2LF RAM11";"Rámek IL2LF RAM11 krycí"
38931;"IL2LF RAM12";"Rámek IL2LF RAM12 krycí"
38940;"IR2LF RAM11";"Rámek IR2LF RAM11 krycí"
38941;"IR2LF RAM12";"Rámek IR2LF RAM12 krycí"
38942;"IR2LF RAM13";"Rám IR2LF RAM13 nosný univerzální"
38943;"IR2LF RAM14";"Rám IR2LF RAM14 nosný univerzální"
38944;"IR2LF RAM15";"Rám IR2LF RAM15 nosný podpůrný"
38995;Q17RUM;"Rámek úhlový pro INTRA SM BP G - 6 stranný 2x45° mělký"
37868;Q32RM30;"Rámek M30 pro INTRA ME SLIM - 4 stranný 90°"
37869;Q32RM50;"Rámek M50 pro INTRA ME SLIM - 4 stranný 90°"
37886;Q38RM30;"Rámek M30 pro INTRA ME SLIM G - 4 stranný 90°"
37887;Q38RM50;"Rámek M50 pro INTRA ME SLIM G - 4 stranný 90°"
38275;QRU50H_11;"Rámek UNI INTRA XSM MINI rohový - M50, hluboký (Q81/Q82)"
38300;QRUUM_01;"Rámek UNI INTRA SM rohový - úhlový, mělký (Q07/Q08)"
42064;Q94RM20;"Rámek M20 pro INTRA SM U G"
38932;"IL2LF RAM15";"Rámek IL2LF RAM15 nosný podpůrný"
43277;0633015101300;"Rámek SOHO/SKARA levý"
38742;"D2M RAM06";"Rámek D2M RAM06 4S-25"
